gene,pdb,chain,Qmean,Qstd,Q_lb,Q_ub,meanQmode,Qthreshold,Gmean,Gstd,G_lb,G_ub,meanGmode,Gthreshold,Kmean,Kstd,K_lb,K_ub,meanKmode,n
P60546,2ANB,A,0.9024322647503988,0.03293197299846636,0.9022167741044765,0.9025736795546586,0.9136363636363635,0.8148404446409644,0.003884117388333454,0.00264301624847772,0.003872790056149337,0.0038977018540377033,0.00386473429951687,0.01179378304495003,0.8374378086095695,0.07431759428659232,0.837039505737213,0.837968409442028,0.8519,66670
P0A8I5,3DXX,A,0.9237525196910886,0.03113224611449604,0.9234911358090633,0.9238645366512163,0.9341463414634147,0.8407496031199265,0.00018891912547229492,0.0010535476408939394,0.0001821223873871213,0.0001920780584347376,0.0,0.003160642922681818,0.8875800209989501,0.07349883199687131,0.8871292335383232,0.8878130643467829,0.924,66670
P31142,1URH,A,0.9008715780427193,0.03091432288597466,0.9007032722688189,0.9009423152153201,0.9033783783783784,0.8106354097204544,0.0005265610952581083,0.0009832250454861523,0.0005224006437714803,0.0005326528152119879,0.00030674846625766,0.003256423602716117,0.8580365006749664,0.05638794185980502,0.8578010907829611,0.85850124040048,0.8815,66670
P0A6L2,1DHP,A,0.9377212329094157,0.020569306735866287,0.937616739741791,0.9378914599286113,0.9414790996784564,0.8797711794708576,0.0011824676862671258,0.0010118915127426229,0.0011762347539459133,0.0011903186677126912,0.0008042895442359,0.003839964082463769,0.9486375446227691,0.03476336383331696,0.9485341428678568,0.94882648740063,0.9730000000000001,66670
P0ACP7,1QPZ,A,0.9074371136934483,0.03828554147663204,0.9072028663740224,0.9075640220879128,0.911271676300578,0.796415051870682,0.0002967898942330935,0.0006859779468916673,0.000292031404346937,0.0002984686564488289,0.0,0.002057933840675002,0.8750858407079647,0.047846185668559554,0.8747482952602369,0.8754051889155543,0.8919,66670
P0A6B4,4WR3,A,0.9119790364648434,0.022730618377343494,0.9118669053526491,0.9121717989621353,0.9152777777777776,0.8470859226457471,0.001158334578200072,0.0021572893240844526,0.0011432531821684538,0.0011655098026031522,0.0,0.006471867972253358,0.8518206419679017,0.04243203933456124,0.8515587139268036,0.8518860203239839,0.8511,66670
P37747,1I8T,A,0.9437760982321254,0.022890302847494944,0.9436691788095779,0.9439088543258022,0.953395061728395,0.8847241531859102,0.0006222968668080116,0.0009730610997377183,0.0006202439304640031,0.0006304690499419737,0.00057339449541282,0.0034925777946259746,0.9266375446227687,0.037011121636942874,0.9264515340482975,0.9269351047697615,0.9362,66670
Q46856,1OJ7,D,0.9699692674940721,0.011450840390288005,0.9699554091444363,0.970046573469199,0.9744680851063829,0.940115563935519,0.0008103804788970244,0.0009109860258818933,0.000804524222853278,0.0008126767518172661,0.0006237006237006,0.00335665870134628,0.9383805579721014,0.03933387652134661,0.9381688338833059,0.9385160324733763,0.9591999999999998,66670
P21599,6K0K,A,0.853277107565531,0.02834373524175333,0.8530457976848375,0.8534977895994187,0.8587301587301587,0.7736989530048987,0.002776235707157026,0.0031383614902409894,0.0027410403088783293,0.002792856326877716,0.00083207261724654,0.010247157087969508,0.8745969149211275,0.044488706226299086,0.8741265786785622,0.874807910783553,0.87618,38670
P0AES0,2IO9,B,0.898491011151969,0.022027304399105444,0.8982000548148661,0.8987107461445762,0.89935170178282,0.8332697885855036,0.0008715919793845384,0.0011760132611661669,0.0008592897621882131,0.0008805654929738544,0.0006631299734748,0.004191169756973301,0.8624952493438321,0.03258392368627658,0.8623631902887139,0.8627868037120361,0.8648999999999999,26670
