gene,PDB,chain,length,ENT-ID,Gn,#N-cross,Gc,#C-cross,NC,cross,mapped-NC,mapped-crossings,loopsize,#Zip-NC,%BB-loop,#Loop-Cont.,#Cross-Cont.,EntCov,NprotDepth,NthreadDepth,NthreadSlip,CprotDepth,CthreadDepth,CthreadSlip,ACO,RCO,#-mapped,#-unmapped,#-missing
P0AA25,6LUR,D,109,1,0.0,0,0.83262,1,"348, 386",400,"5, 43",57,38,5,0.3486238532110092,77,35,0.5137614678899083,,,,0.4770642201834862,0.7878787878787878,52.0,41.2,0.3779816513761468,109,104,0
P0AA25,6LUR,D,109,2,0.73762,1,-0.14392,0,"397, 424",369,"54, 81",26,27,26,0.2477064220183486,66,35,0.5596330275229358,0.2385321100917431,0.4814814814814814,26.0,,,,50.69230769230769,0.4650670430486944,109,104,0
P0A790,4CRZ,A,126,1,0.0,0,0.76972,1,"10, 28",70,"10, 28",70,18,8,0.1428571428571428,61,36,0.5873015873015873,,,,0.4444444444444444,0.5714285714285714,56.0,26.375,0.2093253968253968,126,1,0
P0A790,4CRZ,A,126,2,0.8648,1,0.0552,0,"55, 75",27,"55, 75",27,20,43,0.1587301587301587,60,33,0.4682539682539682,0.2142857142857142,0.4909090909090909,27.0,,,,42.65116279069768,0.3385012919896641,126,1,0
P0A763,2HUR,C,143,2,-0.84057,1,0.30263,0,"66, 112",9,"66, 112",9,46,10,0.3216783216783216,99,41,0.4755244755244755,0.0629370629370629,0.1363636363636363,9.0,,,,73.6,0.5146853146853146,142,0,1
P0A763,2HUR,C,143,1,0.0,0,-0.92894,1,"5, 35",76,"5, 35",76,30,5,0.2097902097902098,72,37,0.3916083916083916,,,,0.4685314685314685,0.6203703703703703,67.0,42.8,0.2993006993006993,142,0,1
P0A7J3,6XZ7,H,165,1,-0.93514,1,0.07709,0,"80, 109",27,"80, 109",27,29,11,0.1757575757575757,72,35,0.3636363636363636,0.1636363636363636,0.3375,27.0,,,,37.27272727272727,0.2258953168044077,135,0,30
P0A7J3,6XZ7,H,165,2,0.00117,0,-0.74601,1,"18, 51",83,"18, 51",83,33,20,0.2,68,39,0.3515151515151515,,,,0.4969696969696969,0.7192982456140351,82.0,45.9,0.2781818181818182,135,0,30
P65556,2FKB,A,180,3,-0.84409,1,-0.62286,1,"62, 110","40, 118","62, 110","40, 118",48,4,0.2666666666666666,104,55,0.4277777777777777,0.2222222222222222,0.6451612903225806,40.0,0.3444444444444444,0.8857142857142857,62.0,53.5,0.2972222222222222,161,0,19
P65556,2FKB,A,180,2,-0.78968,1,0.02882,0,"67, 149",53,"67, 149",53,82,20,0.4555555555555555,130,36,0.3166666666666666,0.2944444444444444,0.7910447761194029,53.0,,,,87.7,0.4872222222222222,161,0,19
P65556,2FKB,A,180,1,0.01774,0,-0.89058,1,"31, 61",70,"31, 61",70,30,2,0.1666666666666666,88,34,0.3444444444444444,,,,0.6111111111111112,0.9243697478991596,110.0,30.5,0.1694444444444444,161,0,19
P45748,1HRU,A,190,1,0.02608,0,0.68739,1,"59, 94",116,"59, 94",116,35,1,0.1842105263157894,77,39,0.3736842105263158,,,,0.3894736842105263,0.7708333333333334,74.0,35.0,0.1842105263157894,186,0,4
P45748,1HRU,A,190,2,0.63589,1,-0.06084,0,"107, 136",61,"107, 136",61,29,3,0.1526315789473684,79,37,0.3473684210526316,0.3210526315789473,0.5700934579439252,61.0,,,,51.333333333333336,0.2701754385964912,186,0,4
P45748,1HRU,A,190,3,0.05189,0,-0.7991,1,"28, 117",136,"28, 117",136,89,19,0.4684210526315789,142,31,0.4578947368421052,,,,0.2842105263157894,0.7397260273972602,54.0,103.10526315789474,0.5426592797783933,186,0,4
P60546,2ANB,A,207,1,0.71191,1,-0.06166,0,"134, 169",123,"134, 169",123,35,2,0.1690821256038647,67,32,0.2801932367149758,0.5942028985507246,0.917910447761194,123.0,,,,35.5,0.1714975845410628,206,0,1
P60546,2ANB,A,207,2,0.0,0,0.79532,1,"6, 89",101,"6, 89",101,83,6,0.4009661835748792,135,34,0.2657004830917874,,,,0.5120772946859904,0.8983050847457628,106.0,88.0,0.4251207729468599,206,0,1
P60546,2ANB,A,207,3,0.65594,1,0.00184,0,"98, 183",9,"98, 183",9,85,19,0.4106280193236715,127,37,0.3333333333333333,0.0434782608695652,0.0918367346938775,9.0,,,,141.6315789473684,0.6842105263157894,206,0,1
P60438,6PCR,N,209,2,-0.4588,0,-0.6962,1,"22, 178",190,"22, 178",190,156,2,0.7464114832535885,201,34,0.2870813397129186,,,,0.0909090909090909,0.6129032258064516,19.0,160.5,0.7679425837320574,209,0,0
P60438,6PCR,N,209,1,-0.72423,1,0.0,0,"174, 206",107,"174, 206",107,32,3,0.1531100478468899,77,32,0.2200956937799043,0.5119617224880383,0.6149425287356322,107.0,,,,33.666666666666664,0.1610845295055821,209,0,0
P60438,6PCR,N,209,3,-0.33,0,-0.62022,1,"49, 67",75,"49, 67",75,18,4,0.0861244019138756,44,23,0.2488038277511961,,,,0.6411483253588517,0.943661971830986,134.0,28.5,0.1363636363636363,209,0,0
P0A6I0,1KDO,A,227,3,0.60136,1,-0.01999,0,"157, 204",148,"157, 204",148,47,1,0.2070484581497797,80,36,0.2511013215859031,0.6519823788546255,0.9426751592356688,148.0,,,,47.0,0.2070484581497797,223,0,4
P0A6I0,1KDO,A,227,1,0.0,0,0.60876,1,"7, 121",127,"7, 121",127,114,3,0.5022026431718062,160,34,0.2334801762114537,,,,0.4405286343612334,0.9433962264150944,100.0,115.66666666666669,0.5095447870778268,223,0,4
P0A6I0,1KDO,A,227,2,0.74394,1,-0.00858,0,"20, 209",10,"20, 209",10,189,4,0.8325991189427313,214,39,0.2863436123348017,0.0440528634361233,0.5,10.0,,,,191.75,0.8447136563876652,223,0,4
P0A6I0,1KDO,A,227,4,-0.71747,1,0.17431,0,"60, 103",41,"60, 103",41,43,26,0.1894273127753304,73,30,0.2466960352422907,0.1806167400881057,0.6833333333333333,41.0,,,,48.76923076923077,0.2148424262961707,223,0,4
