gene,uniprot_length,buffer,EntR_N,EntR_cut_N,FracEntR_cut,NonEntR_N,NonEntR_cut_N,FracNonEntR_cut,statistic,pvalue,NumTimepointsEntRCut,NumTimepointsNonEntRCut,qvalues
P00350,468,C,69,2,0.028985507246376812,398,15,0.03768844221105527,-0.008150598506291986,0.7495250474952505,2,3,1.0
P00370,447,C,197,1,0.005076142131979695,245,0,0.0,0.005050505050505051,0.44865513448655137,2,0,1.0
P00448,206,C,97,0,0.0,108,4,0.037037037037037035,-0.03571428571428571,1.0,0,3,1.0
P00509,396,C,226,3,0.01327433628318584,170,2,0.011764705882352941,0.0014725297044785209,0.6363363663633637,3,2,1.0
P00561,820,C,95,0,0.0,61,0,0.0,0.0,1.0,0,0,1.0
P00864,883,C,285,2,0.007017543859649123,589,0,0.0,0.006968641114982578,0.10578942105789421,2,0,1.0
P00934,428,C,288,1,0.003472222222222222,140,0,0.0,0.0034602076124567475,0.676032396760324,1,0,1.0
P00957,876,C,160,2,0.0125,281,9,0.03202846975088968,-0.01868880374627501,0.9516048395160484,1,3,1.0
P00959,677,C,262,1,0.003816793893129771,285,4,0.014035087719298246,-0.010038549081005698,0.9602039796020398,2,3,1.0
P00962,554,C,361,4,0.0110803324099723,181,1,0.0055248618784530384,0.005464398615083546,0.4627537246275372,2,3,1.0
P00963,330,C,170,3,0.01764705882352941,157,1,0.006369426751592357,0.011011926538377112,0.35896410358964104,2,1,1.0
P02925,296,C,64,1,0.015625,207,6,0.028985507246376812,-0.012784398699891657,0.8489151084891511,1,3,1.0
P03023,360,C,126,1,0.007936507936507936,229,1,0.004366812227074236,0.003526189661074974,0.5873412658734126,1,1,1.0
P04036,273,C,162,2,0.012345679012345678,110,1,0.00909090909090909,0.0031861129422105037,0.6515348465153484,2,1,1.0
P04079,525,C,190,4,0.021052631578947368,311,6,0.01929260450160772,0.0016911119060782458,0.5692430756924307,3,3,1.0
P04425,316,C,149,5,0.03355704697986577,165,0,0.0,0.032467532467532464,0.025397460253974602,3,0,1.0
P04816,369,C,129,3,0.023255813953488372,216,0,0.0,0.022727272727272728,0.0491950804919508,3,0,1.0
P04825,870,C,235,0,0.0,635,3,0.004724409448818898,-0.004702194357366771,1.0,0,3,1.0
P04951,248,C,114,3,0.02631578947368421,132,0,0.0,0.02564102564102564,0.103989601039896,1,0,1.0
P05020,348,C,190,2,0.010526315789473684,153,2,0.013071895424836602,-0.002486559139784947,0.7607239276072393,3,2,1.0
P05055,711,C,133,6,0.045112781954887216,411,8,0.019464720194647202,0.0240723888669494,0.11298870112988701,3,3,1.0
P06612,865,C,60,1,0.016666666666666666,763,3,0.003931847968545216,0.012476993536788942,0.25917408259174085,1,2,1.0
P06715,450,C,177,2,0.011299435028248588,272,0,0.0,0.0111731843575419,0.15628437156284372,2,0,1.0
P06968,152,C,54,0,0.0,98,4,0.04081632653061224,-0.0392156862745098,1.0,0,2,1.0
P06999,309,C,64,0,0.0,245,0,0.0,0.0,1.0,0,0,1.0
P07012,365,C,183,2,0.01092896174863388,179,2,0.0111731843575419,-0.00023891294609526548,0.700929907009299,3,3,1.0
P07649,270,C,141,0,0.0,123,0,0.0,0.0,1.0,0,0,1.0
P07813,860,C,544,7,0.012867647058823529,316,3,0.00949367088607595,0.0032997855139415937,0.4654534546545345,3,3,1.0
P07862,306,C,146,1,0.00684931506849315,160,1,0.00625,0.0005915409642117718,0.7274272572742726,1,2,1.0
P08200,416,C,192,12,0.0625,224,4,0.017857142857142856,0.0412796697626419,0.021397860213978603,3,3,1.0
P08244,245,C,103,2,0.019417475728155338,128,1,0.0078125,0.011295681063122925,0.4213578642135786,2,2,1.0
P08839,575,C,135,4,0.02962962962962963,436,10,0.022935779816513763,0.00635545375358906,0.43695630436956306,3,3,1.0
P09030,268,C,119,2,0.01680672268907563,149,2,0.013422818791946308,0.0032838925072519298,0.6076392360763924,2,3,1.0
P09147,338,C,114,0,0.0,224,0,0.0,0.0,1.0,0,0,1.0
P09158,288,C,133,4,0.03007518796992481,149,0,0.0,0.029197080291970802,0.0491950804919508,3,0,1.0
P09373,760,C,393,10,0.02544529262086514,366,17,0.04644808743169399,-0.019572527194863586,0.957004299570043,3,3,1.0
P0A6B4,359,C,240,1,0.004166666666666667,119,0,0.0,0.004149377593360996,0.6673332666733327,1,0,1.0
P0A6B7,404,C,277,12,0.04332129963898917,108,4,0.037037037037037035,0.005808205635195254,0.5107489251074893,3,3,1.0
P0A6F3,502,C,266,2,0.007518796992481203,233,0,0.0,0.007462686567164179,0.2856714328567143,3,0,1.0
P0A6F5,548,C,166,11,0.06626506024096386,359,17,0.04735376044568245,0.016934126697920424,0.25777422257774224,3,3,1.0
P0A6I0,227,C,163,3,0.018404907975460124,60,0,0.0,0.018072289156626505,0.3915608439156084,2,0,1.0
P0A6K3,169,C,59,0,0.0,109,2,0.01834862385321101,-0.018018018018018018,1.0,0,3,1.0
P0A6L0,259,C,86,0,0.0,165,0,0.0,0.0,1.0,0,0,1.0
P0A6L2,292,C,111,2,0.018018018018018018,181,0,0.0,0.017699115044247787,0.1486851314868513,2,0,1.0
P0A6L9,171,C,59,0,0.0,112,0,0.0,0.0,1.0,0,0,1.0
P0A6P1,283,C,50,7,0.14,232,15,0.06465517241379311,0.06207827260458839,0.10178982101789821,3,3,1.0
P0A6P9,432,C,179,8,0.0446927374301676,253,12,0.04743083003952569,-0.0025022702048229234,0.6373362663733627,3,3,1.0
P0A6R0,317,C,128,2,0.015625,189,2,0.010582010582010581,0.0049134111961337094,0.5449455054494551,2,2,1.0
P0A6T1,549,C,267,7,0.026217228464419477,282,3,0.010638297872340425,0.015021129466000769,0.15878412158784122,3,3,1.0
P0A6T9,129,C,54,0,0.0,74,0,0.0,0.0,1.0,0,0,1.0
P0A6Y8,638,C,200,20,0.1,399,19,0.047619047619047616,0.045454545454545456,0.0202979702029797,3,3,1.0
P0A6Z1,616,C,56,0,0.0,171,2,0.011695906432748537,-0.011560693641618497,1.0,0,2,1.0
P0A6Z3,624,C,193,7,0.03626943005181347,282,4,0.014184397163120567,0.02101398601398602,0.10838916108389161,3,3,1.0
P0A715,284,C,112,3,0.026785714285714284,172,4,0.023255813953488372,0.003359683794466401,0.5794420557944205,3,2,1.0
P0A717,315,C,63,4,0.06349206349206349,245,9,0.036734693877551024,0.0242684216711717,0.27247275272472754,3,3,1.0
P0A720,213,C,53,1,0.018867924528301886,157,2,0.012738853503184714,0.005939902166317259,0.5800419958004199,1,2,1.0
P0A731,152,C,65,1,0.015384615384615385,87,2,0.022988505747126436,-0.007320394960844398,0.8115188481151885,2,2,1.0
P0A738,161,C,88,0,0.0,55,0,0.0,0.0,1.0,0,0,1.0
P0A746,137,C,88,2,0.022727272727272728,46,0,0.0,0.022222222222222223,0.44655534446555345,1,0,1.0
P0A749,419,C,73,1,0.0136986301369863,345,3,0.008695652173913044,0.004892823858341101,0.5493450654934506,3,2,1.0
P0A763,143,C,94,4,0.0425531914893617,48,0,0.0,0.04081632653061224,0.1984801519848015,3,0,1.0
P0A784,181,C,99,0,0.0,81,1,0.012345679012345678,-0.012195121951219513,1.0,0,1,1.0
P0A790,126,C,93,6,0.06451612903225806,32,0,0.0,0.06060606060606061,0.18148185181481852,3,0,1.0
P0A794,243,C,88,2,0.022727272727272728,154,1,0.006493506493506494,0.015770609318996417,0.30886911308869114,2,1,1.0
P0A796,320,C,72,2,0.027777777777777776,248,3,0.012096774193548387,0.015074835791967268,0.32186781321867813,2,2,1.0
P0A799,387,C,194,13,0.06701030927835051,192,7,0.036458333333333336,0.027626052970164836,0.1463853614638536,3,3,1.0
P0A7A9,176,C,61,6,0.09836065573770492,114,6,0.05263157894736842,0.03955223880597014,0.22707729227077292,3,3,1.0
P0A7B5,367,C,124,0,0.0,241,2,0.008298755186721992,-0.00823045267489712,1.0,0,1,1.0
P0A7B8,176,C,70,2,0.02857142857142857,104,2,0.019230769230769232,0.00890985324947589,0.531046895310469,2,3,1.0
P0A7D4,432,C,177,4,0.022598870056497175,254,8,0.031496062992125984,-0.008434903631226013,0.8009199080091991,3,3,1.0
P0A7E5,545,C,282,8,0.028368794326241134,254,4,0.015748031496062992,0.012082330927559476,0.2516748325167483,3,1,1.0
P0A7E9,241,C,103,0,0.0,135,1,0.007407407407407408,-0.007352941176470588,1.0,0,2,1.0
P0A7G6,353,C,163,2,0.012269938650306749,173,1,0.005780346820809248,0.006374085684430512,0.4831516848315168,2,1,1.0
P0A7J0,217,C,134,0,0.0,75,0,0.0,0.0,1.0,0,0,1.0
P0A7J3,165,C,86,1,0.011627906976744186,49,0,0.0,0.011494252873563218,0.6445355464453555,2,0,1.0
P0A7K6,115,C,92,1,0.010869565217391304,22,1,0.045454545454545456,-0.0327255726975222,0.959004099590041,3,1,1.0
P0A7Z0,219,C,149,2,0.013422818791946308,69,1,0.014492753623188406,-0.0010406811731315038,0.7672232776722328,2,1,1.0
P0A7Z4,329,C,110,8,0.07272727272727272,122,5,0.040983606557377046,0.028426531429334045,0.23987601239876014,3,3,1.0
P0A817,384,C,228,5,0.021929824561403508,155,7,0.04516129032258064,-0.021750649075398715,0.938906109389061,3,3,1.0
P0A825,417,C,246,11,0.044715447154471545,171,6,0.03508771929824561,0.008903251335487701,0.4216578342165783,3,3,1.0
P0A836,388,C,160,2,0.0125,228,3,0.013157894736842105,-0.0006413339746673095,0.6848315168483151,2,2,1.0
P0A850,432,C,167,14,0.08383233532934131,264,20,0.07575757575757576,0.006925531087074929,0.4644535546445355,3,3,1.0
P0A855,430,C,71,0,0.0,337,1,0.002967359050445104,-0.0029585798816568047,1.0,0,1,1.0
P0A858,255,C,108,4,0.037037037037037035,147,6,0.04081632653061224,-0.003501400560224091,0.6827317268273173,3,3,1.0
P0A862,168,C,105,4,0.0380952380952381,62,3,0.04838709677419355,-0.009456598447424136,0.7597240275972402,3,3,1.0
P0A870,317,C,86,4,0.046511627906976744,230,7,0.030434782608695653,0.014908579465541492,0.3534646535346465,3,3,1.0
P0A8A0,246,C,66,0,0.0,167,2,0.011976047904191617,-0.011834319526627219,1.0,0,3,1.0
P0A8F0,208,C,111,5,0.04504504504504504,96,3,0.03125,0.012800417972831768,0.45025497450254975,3,2,1.0
P0A8I5,239,C,129,2,0.015503875968992248,76,0,0.0,0.015267175572519083,0.4012598740125987,3,0,1.0
P0A8L1,430,C,226,8,0.035398230088495575,202,6,0.0297029702970297,0.005341880341880344,0.48395160483951605,3,3,1.0
P0A8M3,642,C,376,9,0.023936170212765957,265,1,0.0037735849056603774,0.019617224880382776,0.035996400359964,3,1,1.0
P0A8N3,505,C,273,3,0.01098901098901099,213,2,0.009389671361502348,0.0015672396359959553,0.6200379962003799,2,2,1.0
P0A8N5,505,C,162,0,0.0,323,2,0.006191950464396285,-0.006153846153846154,1.0,0,2,1.0
P0A8R0,161,C,106,2,0.018867924528301886,54,0,0.0,0.018518518518518517,0.44015598440155984,2,0,1.0
P0A8T7,1407,C,439,11,0.025056947608200455,483,6,0.012422360248447204,0.012174505794137697,0.1264873512648735,3,3,1.0
P0A8V2,1342,C,614,28,0.04560260586319218,723,25,0.034578146611341634,0.010191247272060902,0.198980101989801,3,3,1.0
P0A8Y5,270,C,66,0,0.0,204,1,0.004901960784313725,-0.004878048780487805,1.0,0,1,1.0
P0A912,173,C,66,0,0.0,42,0,0.0,0.0,1.0,0,0,1.0
P0A953,406,C,246,8,0.032520325203252036,160,6,0.0375,-0.004648515321127027,0.7086291370862914,3,3,1.0
P0A955,213,C,83,5,0.060240963855421686,130,9,0.06923076923076923,-0.007930019620667104,0.6971302869713029,3,3,1.0
P0A959,405,C,216,0,0.0,188,3,0.015957446808510637,-0.015706806282722512,1.0,0,1,1.0
P0A998,165,C,65,2,0.03076923076923077,98,3,0.030612244897959183,0.00014777597162701425,0.6636336366363363,2,3,1.0
P0A9A6,383,C,148,6,0.04054054054054054,157,2,0.012738853503184714,0.0263824226088377,0.13088691130886912,3,3,1.0
P0A9M0,784,C,93,1,0.010752688172043012,146,3,0.02054794520547945,-0.009495930315579037,0.8619138086191381,3,3,1.0
P0A9M2,178,C,64,2,0.03125,111,4,0.036036036036036036,-0.0044795783926218705,0.7081291870812919,1,2,1.0
P0A9M5,152,C,60,1,0.016666666666666666,90,2,0.022222222222222223,-0.005345687811831788,0.787021297870213,1,3,1.0
P0A9P0,474,C,194,6,0.030927835051546393,277,6,0.021660649819494584,0.00879858657243816,0.36826317368263173,3,3,1.0
P0A9P4,321,C,185,8,0.043243243243243246,135,2,0.014814814814814815,0.02685223705608714,0.1391860813918608,3,3,1.0
P0A9P6,629,C,138,6,0.043478260869565216,89,1,0.011235955056179775,0.03055555555555555,0.1718828117188281,2,1,1.0
P0A9Q7,891,C,182,0,0.0,224,0,0.0,0.0,1.0,0,0,1.0
P0A9Q9,367,C,56,1,0.017857142857142856,311,6,0.01929260450160772,-0.0013835851458298756,0.6930306969303069,2,3,1.0
P0A9R4,111,C,56,1,0.017857142857142856,53,2,0.03773584905660377,-0.018819776714513556,0.8831116888311169,1,3,1.0
P0A9T0,410,C,117,1,0.008547008547008548,287,4,0.013937282229965157,-0.005271128196167511,0.821017898210179,3,3,1.0
P0A9W3,555,C,99,2,0.020202020202020204,438,4,0.0091324200913242,0.010752206442363693,0.30586941305869414,2,3,1.0
P0A9Z1,112,C,55,1,0.01818181818181818,57,0,0.0,0.017857142857142856,0.5028497150284972,2,0,1.0
P0AA10,142,C,54,1,0.018518518518518517,88,2,0.022727272727272728,-0.004040404040404042,0.7604239576042395,2,3,1.0
P0AA25,109,C,84,8,0.09523809523809523,25,0,0.0,0.08695652173913043,0.1347865213478652,3,0,1.0
P0AA43,231,C,90,1,0.011111111111111112,140,0,0.0,0.01098901098901099,0.3952604739526047,3,0,1.0
P0AAC8,107,C,51,2,0.0392156862745098,46,0,0.0,0.03773584905660377,0.28587141285871415,3,0,1.0
P0AAI5,413,C,218,12,0.05504587155963303,194,7,0.03608247422680412,0.017348042396712088,0.26037396260373963,3,3,1.0
P0AAI9,309,C,116,8,0.06896551724137931,191,7,0.03664921465968586,0.02916259367872271,0.1802819718028197,3,3,1.0
P0AB71,359,C,105,4,0.0380952380952381,253,10,0.039525691699604744,-0.0013255659817909063,0.6272372762723728,3,3,1.0
P0AB77,398,C,247,6,0.024291497975708502,150,0,0.0,0.023715415019762844,0.056194380561943806,3,0,1.0
P0AB89,456,C,111,0,0.0,345,1,0.002898550724637681,-0.002890173410404624,1.0,0,1,1.0
P0AB91,350,C,213,2,0.009389671361502348,132,1,0.007575757575757576,0.0017835285889141461,0.675032496750325,3,2,1.0
P0ABH7,427,C,128,0,0.0,298,5,0.016778523489932886,-0.0165016501650165,1.0,0,2,1.0
P0ABK5,323,C,237,14,0.05907172995780591,75,1,0.013333333333333334,0.04261899769343678,0.09919008099190081,3,2,1.0
P0ABP8,239,C,161,5,0.031055900621118012,76,0,0.0,0.030120481927710843,0.148985101489851,3,0,1.0
P0ABT2,167,C,69,2,0.028985507246376812,90,1,0.011111111111111112,0.017180003095496055,0.4082591740825917,3,1,1.0
P0ABZ6,428,C,105,1,0.009523809523809525,283,3,0.01060070671378092,-0.001055548225359547,0.7162283771622838,1,2,1.0
P0AC69,115,C,41,2,0.04878048780487805,72,0,0.0,0.046511627906976744,0.13808619138086192,3,0,1.0
P0ACB2,324,C,156,3,0.019230769230769232,167,3,0.017964071856287425,0.0012208657047724746,0.6194380561943805,3,3,1.0
P0ACC7,456,C,113,1,0.008849557522123894,337,5,0.01483679525222552,-0.005847953216374269,0.8252174782521747,1,3,1.0
P0ACP7,341,C,130,1,0.007692307692307693,209,0,0.0,0.007633587786259542,0.387961203879612,1,0,1.0
P0ACX3,101,C,45,1,0.022222222222222223,51,0,0.0,0.021739130434782608,0.47155284471552844,3,0,1.0
P0ACY1,183,C,56,0,0.0,121,0,0.0,0.0,1.0,0,0,1.0
P0AD61,470,C,159,8,0.050314465408805034,308,15,0.048701298701298704,0.0014645631337943318,0.5580441955804419,3,3,1.0
P0AD96,367,C,131,0,0.0,213,2,0.009389671361502348,-0.009302325581395349,1.0,0,3,1.0
P0ADE8,326,C,191,0,0.0,133,0,0.0,0.0,1.0,0,0,1.0
P0ADI7,188,C,95,2,0.021052631578947368,93,0,0.0,0.020618556701030927,0.26137386261373863,1,0,1.0
P0ADV7,211,C,56,0,0.0,129,1,0.007751937984496124,-0.007692307692307693,1.0,0,1,1.0
P0ADY3,123,C,68,0,0.0,55,0,0.0,0.0,1.0,0,0,1.0
P0ADY7,136,C,56,0,0.0,80,0,0.0,0.0,1.0,0,0,1.0
P0AE08,187,C,106,12,0.11320754716981132,71,6,0.08450704225352113,0.023772837332159374,0.3848615138486151,3,3,1.0
P0AE18,264,C,89,0,0.0,174,3,0.017241379310344827,-0.01694915254237288,1.0,0,3,1.0
P0AEG4,208,C,61,0,0.0,127,0,0.0,0.0,1.0,0,0,1.0
P0AEG6,236,C,85,2,0.023529411764705882,131,2,0.015267175572519083,0.007950911762164031,0.5297470252974702,3,3,1.0
P0AEK2,244,C,72,5,0.06944444444444445,171,10,0.05847953216374269,0.009686446150534544,0.48485151484851513,3,3,1.0
P0AEK4,262,C,124,8,0.06451612903225806,134,6,0.04477611940298507,0.01774891774891775,0.34356564343565643,3,3,1.0
P0AEM0,149,C,95,1,0.010526315789473684,54,2,0.037037037037037035,-0.025297619047619048,0.9476052394760524,1,1,1.0
P0AEP3,302,C,101,4,0.039603960396039604,187,2,0.0106951871657754,0.027513227513227517,0.12378762123787622,3,2,1.0
P0AEQ3,248,C,120,2,0.016666666666666666,103,0,0.0,0.01639344262295082,0.29247075292470753,3,0,1.0
P0AES0,619,C,371,2,0.005390835579514825,232,0,0.0,0.005361930294906166,0.38416158384161586,3,0,1.0
P0AES4,875,C,240,0,0.0,266,2,0.007518796992481203,-0.007462686567164179,1.0,0,2,1.0
P0AES6,804,C,113,3,0.02654867256637168,278,2,0.007194244604316547,0.0187192118226601,0.146985301469853,2,2,1.0
P0AEU0,260,C,188,0,0.0,50,0,0.0,0.0,1.0,0,0,1.0
P0AEZ3,270,C,153,0,0.0,104,2,0.019230769230769232,-0.018867924528301886,1.0,0,2,1.0
P0AEZ9,170,C,70,0,0.0,99,0,0.0,0.0,1.0,0,0,1.0
P0AF12,232,C,119,2,0.01680672268907563,113,4,0.035398230088495575,-0.01765910856819948,0.9053094690530947,2,3,1.0
P0AF24,250,C,62,1,0.016129032258064516,188,1,0.005319148936170213,0.010582010582010581,0.4443555644435556,1,3,1.0
P0AF93,128,C,61,3,0.04918032786885246,65,3,0.046153846153846156,0.0027573529411764677,0.6345365463453655,3,3,1.0
P0AFF6,495,C,57,1,0.017543859649122806,262,6,0.022900763358778626,-0.005146680391147709,0.7477252274772522,3,3,1.0
P0AFG3,933,C,268,1,0.0037313432835820895,544,4,0.007352941176470588,-0.003581797954033593,0.8652134786521348,2,2,1.0
P0AFG6,405,C,95,1,0.010526315789473684,138,0,0.0,0.010416666666666666,0.40955904409559046,1,0,1.0
P0AFG8,887,C,517,7,0.013539651837524178,314,4,0.012738853503184714,0.0007801622737529396,0.6011398860113989,3,3,1.0
P0AFK9,348,C,182,9,0.04945054945054945,141,4,0.028368794326241134,0.019534211951615817,0.265973402659734,3,3,1.0
P0AFL3,190,C,103,1,0.009708737864077669,63,1,0.015873015873015872,-0.006009615384615384,0.8596140385961404,1,1,1.0
P0AFQ7,265,C,67,0,0.0,198,2,0.010101010101010102,-0.01,1.0,0,3,1.0
P0AFU8,213,C,99,0,0.0,107,0,0.0,0.0,1.0,0,0,1.0
P0AG30,419,C,89,0,0.0,319,7,0.0219435736677116,-0.02147239263803681,1.0,0,3,1.0
P0AG55,177,C,52,1,0.019230769230769232,124,3,0.024193548387096774,-0.004754122715792602,0.7528247175282472,1,3,1.0
P0AG67,557,C,51,1,0.0196078431372549,126,1,0.007936507936507936,0.011356753482737736,0.49375062493750627,1,1,1.0
P0AG82,346,C,190,0,0.0,131,0,0.0,0.0,1.0,0,0,1.0
P0AGD3,193,C,81,8,0.09876543209876543,111,7,0.06306306306306306,0.030565606551133113,0.2840715928407159,3,3,1.0
P0AGE0,178,C,51,0,0.0,94,0,0.0,0.0,1.0,0,0,1.0
P0AGE9,289,C,127,1,0.007874015748031496,160,0,0.0,0.0078125,0.44715528447155284,3,0,1.0
P0AGJ9,424,C,126,9,0.07142857142857142,291,0,0.0,0.06666666666666667,0.00019998000199980003,3,0,0.05279472052794721
P0CE48,394,C,178,24,0.1348314606741573,208,20,0.09615384615384616,0.031092582942504776,0.1855814418558144,3,3,1.0
P10121,497,C,162,0,0.0,146,0,0.0,0.0,1.0,0,0,1.0
P10408,901,C,175,0,0.0,296,0,0.0,0.0,1.0,0,0,1.0
P11875,577,C,201,0,0.0,372,4,0.010752688172043012,-0.010638297872340425,1.0,0,2,1.0
P12281,411,C,298,3,0.010067114093959731,107,1,0.009345794392523364,0.0007075181493786144,0.7195280471952805,2,3,1.0
P12758,253,C,212,4,0.018867924528301886,41,0,0.0,0.018518518518518517,0.5053494650534947,3,0,1.0
P13029,726,C,136,2,0.014705882352941176,169,2,0.011834319526627219,0.0027968471904398686,0.6106389361063893,1,2,1.0
P13035,501,C,249,5,0.020080321285140562,250,1,0.004,0.01570097562505882,0.1136886311368863,3,1,1.0
P15042,671,C,166,1,0.006024096385542169,420,2,0.004761904761904762,0.0012486874592048131,0.6295370462953704,1,2,1.0
P15770,272,C,64,0,0.0,207,1,0.004830917874396135,-0.004807692307692308,1.0,0,1,1.0
P16456,347,C,242,7,0.028925619834710745,93,1,0.010752688172043012,0.017474151926856363,0.2956704329567043,3,2,1.0
P17169,609,C,387,8,0.020671834625323,221,2,0.00904977375565611,0.011284554691491174,0.23527647235276472,3,1,1.0
P18843,275,C,152,2,0.013157894736842105,109,2,0.01834862385321101,-0.00503100503100503,0.7964203579642036,2,1,1.0
P21165,443,C,249,2,0.008032128514056224,192,1,0.005208333333333333,0.002786780339780773,0.5998400159984002,1,2,1.0
P21513,1061,C,63,1,0.015873015873015872,447,2,0.0044742729306487695,0.0111706570155902,0.3340665933406659,1,2,1.0
P21599,480,C,246,1,0.0040650406504065045,233,1,0.004291845493562232,-0.0002249212775528569,0.7685231476852314,1,1,1.0
P21888,461,C,227,1,0.004405286343612335,234,1,0.004273504273504274,0.00013064576334453123,0.7422257774222578,2,1,1.0
P21889,590,C,308,11,0.03571428571428571,282,5,0.01773049645390071,0.01706115583323321,0.1481851814818518,3,3,1.0
P22188,495,C,261,2,0.007662835249042145,230,0,0.0,0.0076045627376425855,0.28677132286771323,3,0,1.0
P22259,540,C,397,5,0.012594458438287154,140,1,0.007142857142857143,0.005345612363713349,0.49975002499750026,3,1,1.0
P22939,299,C,93,2,0.021505376344086023,206,2,0.009708737864077669,0.011437246963562752,0.36926307369263073,2,1,1.0
P23003,366,C,67,0,0.0,299,0,0.0,0.0,1.0,0,0,1.0
P23721,362,C,199,4,0.020100502512562814,161,1,0.006211180124223602,0.013531593991364107,0.267973202679732,3,3,1.0
P23827,162,C,100,1,0.01,42,0,0.0,0.009900990099009901,0.7084291570842915,1,0,1.0
P23843,543,C,334,29,0.08682634730538923,183,13,0.07103825136612021,0.013563276550289535,0.34526547345265474,3,3,1.0
P23847,535,C,321,48,0.14953271028037382,186,22,0.11827956989247312,0.024312070043777376,0.23937606239376064,3,3,1.0
P23869,164,C,100,6,0.06,64,2,0.03125,0.026300743281875358,0.34856514348565143,3,3,1.0
P23882,315,C,114,1,0.008771929824561403,200,0,0.0,0.008695652173913044,0.3605639436056394,2,0,1.0
P24182,449,C,203,3,0.014778325123152709,244,5,0.020491803278688523,-0.005517214489024057,0.7936206379362064,2,2,1.0
P24186,288,C,165,1,0.006060606060606061,122,1,0.00819672131147541,-0.00210598491527084,0.8214178582141786,1,1,1.0
P26616,565,C,248,3,0.012096774193548387,309,4,0.012944983818770227,-0.0008273614805951908,0.6708329167083291,2,3,1.0
P27248,364,C,283,3,0.01060070671378092,80,1,0.0125,-0.0018561685228351884,0.7827217278272173,3,1,1.0
P27302,663,C,454,17,0.037444933920704845,208,7,0.03365384615384615,0.003535278724139633,0.506049395060494,3,3,1.0
P27828,376,C,64,1,0.015625,311,1,0.003215434083601286,0.012179487179487181,0.31366863313668636,1,1,1.0
P30178,361,C,129,0,0.0,230,1,0.004347826086956522,-0.004329004329004329,1.0,0,1,1.0
P30850,644,C,329,3,0.00911854103343465,314,2,0.006369426751592357,0.00270703065426262,0.5196480351964804,3,2,1.0
P31057,264,C,110,6,0.05454545454545454,152,7,0.046052631578947366,0.007698980698330082,0.49395060493950604,3,3,1.0
P31142,281,C,180,1,0.005555555555555556,81,0,0.0,0.0055248618784530384,0.690930906909309,2,0,1.0
P31663,283,C,91,0,0.0,191,0,0.0,0.0,1.0,0,0,1.0
P31697,241,C,48,1,0.020833333333333332,157,3,0.01910828025477707,0.0016581632653061215,0.6559344065593441,1,3,1.0
P33136,511,C,296,4,0.013513513513513514,189,1,0.005291005291005291,0.008070175438596491,0.3585641435856414,3,2,1.0
P35340,521,C,330,13,0.03939393939393939,191,4,0.020942408376963352,0.017388054122748003,0.19158084191580843,3,3,1.0
P36683,865,C,609,13,0.021346469622331693,253,8,0.03162055335968379,-0.009751019452760221,0.8679132086791321,3,3,1.0
P36767,303,C,78,0,0.0,223,0,0.0,0.0,1.0,0,0,1.0
P36929,429,C,120,2,0.016666666666666666,305,3,0.009836065573770493,0.0066531828826910805,0.44265573442655737,1,3,1.0
P37095,427,C,186,1,0.005376344086021506,240,2,0.008333333333333333,-0.0029168692270296554,0.8208179182081792,1,2,1.0
P37329,257,C,123,0,0.0,108,0,0.0,0.0,1.0,0,0,1.0
P37744,293,C,75,1,0.013333333333333334,215,2,0.009302325581395349,0.0039413048750909525,0.581941805819418,1,1,1.0
P37747,367,C,195,2,0.010256410256410256,172,1,0.005813953488372093,0.004371937443150142,0.5544445555444456,1,1,1.0
P37765,291,C,127,1,0.007874015748031496,123,1,0.008130081300813009,-0.00025201612903225784,0.7564243575642435,1,1,1.0
P38489,217,C,121,4,0.03305785123966942,96,2,0.020833333333333332,0.01159183673469388,0.45925407459254075,3,2,1.0
P39377,390,C,173,2,0.011560693641618497,216,4,0.018518518518518517,-0.006753246753246752,0.8273172682731726,3,3,1.0
P45523,270,C,83,3,0.03614457831325301,130,4,0.03076923076923077,0.005032974661575842,0.5645435456454354,3,2,1.0
P45748,190,C,118,1,0.00847457627118644,68,0,0.0,0.008403361344537815,0.6303369663033697,3,0,1.0
P45799,186,C,63,0,0.0,122,2,0.01639344262295082,-0.016129032258064516,1.0,0,2,1.0
P52697,331,C,115,0,0.0,216,3,0.013888888888888888,-0.0136986301369863,1.0,0,3,1.0
P60422,273,C,114,3,0.02631578947368421,157,1,0.006369426751592357,0.019311911716975008,0.20357964203579643,3,1,1.0
P60438,209,C,129,2,0.015503875968992248,80,0,0.0,0.015267175572519083,0.3885611438856114,2,0,1.0
P60546,207,C,117,2,0.017094017094017096,89,0,0.0,0.01680672268907563,0.32936706329367066,3,0,1.0
P60624,104,C,49,2,0.04081632653061224,53,0,0.0,0.0392156862745098,0.23497650234976503,2,0,1.0
P60723,201,C,70,1,0.014285714285714285,131,0,0.0,0.014084507042253521,0.34866513348665135,1,0,1.0
P60906,424,C,63,1,0.015873015873015872,128,0,0.0,0.015625,0.33956604339566043,2,0,1.0
P61175,110,C,41,0,0.0,69,0,0.0,0.0,1.0,0,0,1.0
P61316,203,C,76,2,0.02631578947368421,106,0,0.0,0.02564102564102564,0.17368263173682633,2,0,1.0
P61517,220,C,68,1,0.014705882352941176,146,1,0.00684931506849315,0.007690032534753032,0.538046195380462,1,1,1.0
P61889,312,C,113,4,0.035398230088495575,199,5,0.02512562814070352,0.009678230266465564,0.42755724427557246,3,3,1.0
P61949,176,C,62,5,0.08064516129032258,113,2,0.017699115044247787,0.0572355613238157,0.06329367063293671,3,1,1.0
P62399,179,C,41,1,0.024390243902439025,136,2,0.014705882352941176,0.009316770186335402,0.5435456454354565,1,2,1.0
P62707,250,C,132,6,0.045454545454545456,114,3,0.02631578947368421,0.017837235228539576,0.35576442355764426,3,3,1.0
P63224,192,C,70,1,0.014285714285714285,122,1,0.00819672131147541,0.0059544257414405125,0.597040295970403,2,1,1.0
P63284,857,C,124,3,0.024193548387096774,219,6,0.0273972602739726,-0.0030446194225721805,0.6908309169083092,3,2,1.0
P65556,180,C,114,3,0.02631578947368421,47,0,0.0,0.02564102564102564,0.3645635436456354,3,0,1.0
P67095,184,C,80,1,0.0125,104,1,0.009615384615384616,0.0028218694885361537,0.6915308469153084,2,1,1.0
P67910,310,C,154,2,0.012987012987012988,152,3,0.019736842105263157,-0.0065343258891646,0.8169183081691831,3,2,1.0
P69441,214,C,53,3,0.05660377358490566,161,2,0.012422360248447204,0.04130148992112182,0.10668933106689331,3,2,1.0
P69503,183,C,67,2,0.029850746268656716,115,3,0.02608695652173913,0.0035617784328174883,0.6203379662033797,2,3,1.0
P69783,169,C,56,6,0.10714285714285714,105,9,0.08571428571428572,0.017826825127334467,0.4477552244775522,3,3,1.0
P69924,376,C,96,2,0.020833333333333332,261,1,0.0038314176245210726,0.01659136937217635,0.18338166183381663,2,1,1.0
P75823,333,C,207,2,0.00966183574879227,125,0,0.0,0.009569377990430622,0.39006099390060994,3,0,1.0
P76290,247,C,134,3,0.022388059701492536,97,0,0.0,0.021897810218978103,0.1952804719528047,2,0,1.0
P76344,216,C,54,0,0.0,136,0,0.0,0.0,1.0,0,0,1.0
P77395,284,C,84,2,0.023809523809523808,190,2,0.010526315789473684,0.012839147286821706,0.36246375362463756,1,3,1.0
P77398,660,C,354,0,0.0,290,0,0.0,0.0,1.0,0,0,1.0
P77608,269,C,75,4,0.05333333333333334,186,4,0.021505376344086023,0.029580279813457695,0.17838216178382163,3,3,1.0
Q46856,387,C,244,1,0.004098360655737705,143,0,0.0,0.004081632653061225,0.6302369763023697,1,0,1.0
Q46893,236,C,54,0,0.0,171,0,0.0,0.0,1.0,0,0,1.0
Q57261,349,C,181,1,0.0055248618784530384,159,0,0.0,0.005494505494505495,0.5426457354264573,1,0,1.0
P00350,468,CD,69,1,0.014492753623188406,398,3,0.007537688442211055,0.006804417527609547,0.47955204479552044,1,2,1.0
P00370,447,CD,197,0,0.0,245,0,0.0,0.0,1.0,0,0,1.0
P00448,206,CD,97,0,0.0,108,1,0.009259259259259259,-0.009174311926605505,1.0,0,2,1.0
P00509,396,CD,226,1,0.004424778761061947,170,1,0.0058823529411764705,-0.0014426668727619335,0.8141185881411859,1,1,1.0
P00561,820,CD,95,0,0.0,61,0,0.0,0.0,1.0,0,0,1.0
P00864,883,CD,285,0,0.0,589,0,0.0,0.0,1.0,0,0,1.0
P00934,428,CD,288,0,0.0,140,0,0.0,0.0,1.0,0,0,1.0
P00957,876,CD,160,0,0.0,281,2,0.0071174377224199285,-0.007067137809187279,1.0,0,3,1.0
P00959,677,CD,262,0,0.0,285,1,0.0035087719298245615,-0.0034965034965034965,1.0,0,1,1.0
P00962,554,CD,361,0,0.0,181,1,0.0055248618784530384,-0.005494505494505495,1.0,0,2,1.0
P00963,330,CD,170,0,0.0,157,0,0.0,0.0,1.0,0,0,1.0
P02925,296,CD,64,0,0.0,207,1,0.004830917874396135,-0.004807692307692308,1.0,0,2,1.0
P03023,360,CD,126,0,0.0,229,0,0.0,0.0,1.0,0,0,1.0
P04036,273,CD,162,0,0.0,110,0,0.0,0.0,1.0,0,0,1.0
P04079,525,CD,190,2,0.010526315789473684,311,1,0.003215434083601286,0.007211538461538461,0.31996800319968005,3,1,1.0
P04425,316,CD,149,1,0.006711409395973154,165,0,0.0,0.006666666666666667,0.47495250474952505,1,0,1.0
P04816,369,CD,129,0,0.0,216,0,0.0,0.0,1.0,0,0,1.0
P04825,870,CD,235,0,0.0,635,0,0.0,0.0,1.0,0,0,1.0
P04951,248,CD,114,0,0.0,132,0,0.0,0.0,1.0,0,0,1.0
P05020,348,CD,190,0,0.0,153,1,0.006535947712418301,-0.006493506493506494,1.0,0,1,1.0
P05055,711,CD,133,0,0.0,411,3,0.0072992700729927005,-0.007246376811594203,1.0,0,3,1.0
P06612,865,CD,60,0,0.0,763,0,0.0,0.0,1.0,0,0,1.0
P06715,450,CD,177,0,0.0,272,0,0.0,0.0,1.0,0,0,1.0
P06968,152,CD,54,0,0.0,98,1,0.01020408163265306,-0.010101010101010102,1.0,0,2,1.0
P06999,309,CD,64,0,0.0,245,0,0.0,0.0,1.0,0,0,1.0
P07012,365,CD,183,2,0.01092896174863388,179,1,0.00558659217877095,0.005255255255255256,0.5149485051494851,1,1,1.0
P07649,270,CD,141,0,0.0,123,0,0.0,0.0,1.0,0,0,1.0
P07813,860,CD,544,3,0.0055147058823529415,316,1,0.0031645569620253164,0.002329886562206241,0.531946805319468,2,2,1.0
P07862,306,CD,146,0,0.0,160,0,0.0,0.0,1.0,0,0,1.0
P08200,416,CD,192,3,0.015625,224,3,0.013392857142857142,0.0021687563537783807,0.5836416358364164,3,3,1.0
P08244,245,CD,103,0,0.0,128,0,0.0,0.0,1.0,0,0,1.0
P08839,575,CD,135,1,0.007407407407407408,436,3,0.006880733944954129,0.0005192281924159183,0.6571342865713429,2,3,1.0
P09030,268,CD,119,0,0.0,149,0,0.0,0.0,1.0,0,0,1.0
P09147,338,CD,114,0,0.0,224,0,0.0,0.0,1.0,0,0,1.0
P09158,288,CD,133,0,0.0,149,0,0.0,0.0,1.0,0,0,1.0
P09373,760,CD,393,2,0.005089058524173028,366,5,0.01366120218579235,-0.008413797809546555,0.9481051894810519,2,2,1.0
P0A6B4,359,CD,240,0,0.0,119,0,0.0,0.0,1.0,0,0,1.0
P0A6B7,404,CD,277,4,0.01444043321299639,108,0,0.0,0.014234875444839857,0.275972402759724,3,0,1.0
P0A6F3,502,CD,266,0,0.0,233,0,0.0,0.0,1.0,0,0,1.0
P0A6F5,548,CD,166,1,0.006024096385542169,359,3,0.008356545961002786,-0.002299268865583749,0.7876212378762124,2,3,1.0
P0A6I0,227,CD,163,0,0.0,60,0,0.0,0.0,1.0,0,0,1.0
P0A6K3,169,CD,59,0,0.0,109,0,0.0,0.0,1.0,0,0,1.0
P0A6L0,259,CD,86,0,0.0,165,0,0.0,0.0,1.0,0,0,1.0
P0A6L2,292,CD,111,0,0.0,181,2,0.011049723756906077,-0.01092896174863388,1.0,0,3,1.0
P0A6L9,171,CD,59,0,0.0,112,0,0.0,0.0,1.0,0,0,1.0
P0A6P1,283,CD,50,0,0.0,232,5,0.021551724137931036,-0.02109704641350211,1.0,0,3,1.0
P0A6P9,432,CD,179,3,0.01675977653631285,253,2,0.007905138339920948,0.008640379228614523,0.3461653834616538,2,3,1.0
P0A6R0,317,CD,128,0,0.0,189,1,0.005291005291005291,-0.005263157894736842,1.0,0,2,1.0
P0A6T1,549,CD,267,0,0.0,282,0,0.0,0.0,1.0,0,0,1.0
P0A6T9,129,CD,54,0,0.0,74,0,0.0,0.0,1.0,0,0,1.0
P0A6Y8,638,CD,200,8,0.04,399,16,0.040100250626566414,-9.267840593141924e-05,0.5763423657634237,3,3,1.0
P0A6Z1,616,CD,56,0,0.0,171,0,0.0,0.0,1.0,0,0,1.0
P0A6Z3,624,CD,193,1,0.0051813471502590676,282,0,0.0,0.005154639175257732,0.41585841415858416,3,0,1.0
P0A715,284,CD,112,2,0.017857142857142856,172,0,0.0,0.017543859649122806,0.1643835616438356,2,0,1.0
P0A717,315,CD,63,0,0.0,245,1,0.004081632653061225,-0.0040650406504065045,1.0,0,1,1.0
P0A720,213,CD,53,0,0.0,157,0,0.0,0.0,1.0,0,0,1.0
P0A731,152,CD,65,0,0.0,87,0,0.0,0.0,1.0,0,0,1.0
P0A738,161,CD,88,0,0.0,55,0,0.0,0.0,1.0,0,0,1.0
P0A746,137,CD,88,0,0.0,46,0,0.0,0.0,1.0,0,0,1.0
P0A749,419,CD,73,2,0.0273972602739726,345,1,0.002898550724637681,0.023776493256262046,0.08749125087491251,2,3,1.0
P0A763,143,CD,94,3,0.031914893617021274,48,0,0.0,0.030927835051546393,0.29747025297470253,3,0,1.0
P0A784,181,CD,99,0,0.0,81,0,0.0,0.0,1.0,0,0,1.0
P0A790,126,CD,93,1,0.010752688172043012,32,0,0.0,0.010638297872340425,0.7499250074992501,2,0,1.0
P0A794,243,CD,88,1,0.011363636363636364,154,1,0.006493506493506494,0.0047843421529539685,0.6027397260273972,1,1,1.0
P0A796,320,CD,72,1,0.013888888888888888,248,1,0.004032258064516129,0.009682565879958189,0.41085891410858916,1,1,1.0
P0A799,387,CD,194,7,0.03608247422680412,192,3,0.015625,0.019441255262150785,0.18398160183981602,3,2,1.0
P0A7A9,176,CD,61,3,0.04918032786885246,114,2,0.017543859649122806,0.029633620689655173,0.23517648235176483,3,1,1.0
P0A7B5,367,CD,124,0,0.0,241,0,0.0,0.0,1.0,0,0,1.0
P0A7B8,176,CD,70,0,0.0,104,1,0.009615384615384616,-0.009523809523809525,1.0,0,1,1.0
P0A7D4,432,CD,177,1,0.005649717514124294,254,1,0.003937007874015748,0.0016964089006389071,0.6558344165583442,2,1,1.0
P0A7E5,545,CD,282,0,0.0,254,0,0.0,0.0,1.0,0,0,1.0
P0A7E9,241,CD,103,0,0.0,135,0,0.0,0.0,1.0,0,0,1.0
P0A7G6,353,CD,163,0,0.0,173,0,0.0,0.0,1.0,0,0,1.0
P0A7J0,217,CD,134,1,0.007462686567164179,75,0,0.0,0.007407407407407408,0.652034796520348,1,0,1.0
P0A7J3,165,CD,86,2,0.023255813953488372,49,1,0.02040816326530612,0.0027272727272727275,0.6976302369763023,2,2,1.0
P0A7K6,115,CD,92,0,0.0,22,0,0.0,0.0,1.0,0,0,1.0
P0A7Z0,219,CD,149,1,0.006711409395973154,69,0,0.0,0.006666666666666667,0.679032096790321,2,0,1.0
P0A7Z4,329,CD,110,3,0.02727272727272727,122,0,0.0,0.02654867256637168,0.10868913108689131,2,0,1.0
P0A817,384,CD,228,0,0.0,155,2,0.012903225806451613,-0.012738853503184714,1.0,0,2,1.0
P0A825,417,CD,246,5,0.02032520325203252,171,1,0.005847953216374269,0.014106365236727508,0.22037796220377961,2,1,1.0
P0A836,388,CD,160,0,0.0,228,0,0.0,0.0,1.0,0,0,1.0
P0A850,432,CD,167,1,0.005988023952095809,264,0,0.0,0.005952380952380952,0.38466153384661533,1,0,1.0
P0A855,430,CD,71,0,0.0,337,0,0.0,0.0,1.0,0,0,1.0
P0A858,255,CD,108,3,0.027777777777777776,147,3,0.02040816326530612,0.007027027027027028,0.5055494450554945,3,3,1.0
P0A862,168,CD,105,3,0.02857142857142857,62,3,0.04838709677419355,-0.01837606837606838,0.8623137686231377,2,2,1.0
P0A870,317,CD,86,0,0.0,230,5,0.021739130434782608,-0.02127659574468085,1.0,0,3,1.0
P0A8A0,246,CD,66,1,0.015151515151515152,167,0,0.0,0.014925373134328358,0.2882711728827117,1,0,1.0
P0A8F0,208,CD,111,0,0.0,96,0,0.0,0.0,1.0,0,0,1.0
P0A8I5,239,CD,129,0,0.0,76,0,0.0,0.0,1.0,0,0,1.0
P0A8L1,430,CD,226,4,0.017699115044247787,202,1,0.0049504950495049506,0.01246519597344185,0.22847715228477153,3,1,1.0
P0A8M3,642,CD,376,0,0.0,265,0,0.0,0.0,1.0,0,0,1.0
P0A8N3,505,CD,273,0,0.0,213,0,0.0,0.0,1.0,0,0,1.0
P0A8N5,505,CD,162,0,0.0,323,0,0.0,0.0,1.0,0,0,1.0
P0A8R0,161,CD,106,0,0.0,54,0,0.0,0.0,1.0,0,0,1.0
P0A8T7,1407,CD,439,1,0.002277904328018223,483,1,0.002070393374741201,0.00020661157024793372,0.7297270272972702,2,3,1.0
P0A8V2,1342,CD,614,2,0.003257328990228013,723,5,0.006915629322268326,-0.003621378621378621,0.9027097290270973,3,2,1.0
P0A8Y5,270,CD,66,0,0.0,204,0,0.0,0.0,1.0,0,0,1.0
P0A912,173,CD,66,0,0.0,42,0,0.0,0.0,1.0,0,0,1.0
P0A953,406,CD,246,2,0.008130081300813009,160,2,0.0125,-0.0042811628833134205,0.8303169683031697,3,2,1.0
P0A955,213,CD,83,0,0.0,130,4,0.03076923076923077,-0.029850746268656716,1.0,0,3,1.0
P0A959,405,CD,216,0,0.0,188,0,0.0,0.0,1.0,0,0,1.0
P0A998,165,CD,65,0,0.0,98,1,0.01020408163265306,-0.010101010101010102,1.0,0,1,1.0
P0A9A6,383,CD,148,0,0.0,157,0,0.0,0.0,1.0,0,0,1.0
P0A9M0,784,CD,93,0,0.0,146,0,0.0,0.0,1.0,0,0,1.0
P0A9M2,178,CD,64,0,0.0,111,0,0.0,0.0,1.0,0,0,1.0
P0A9M5,152,CD,60,0,0.0,90,1,0.011111111111111112,-0.01098901098901099,1.0,0,1,1.0
P0A9P0,474,CD,194,1,0.005154639175257732,277,1,0.0036101083032490976,0.0015310828260468546,0.6546345365463454,3,1,1.0
P0A9P4,321,CD,185,0,0.0,135,0,0.0,0.0,1.0,0,0,1.0
P0A9P6,629,CD,138,0,0.0,89,0,0.0,0.0,1.0,0,0,1.0
P0A9Q7,891,CD,182,0,0.0,224,0,0.0,0.0,1.0,0,0,1.0
P0A9Q9,367,CD,56,0,0.0,311,1,0.003215434083601286,-0.003205128205128205,1.0,0,2,1.0
P0A9R4,111,CD,56,1,0.017857142857142856,53,1,0.018867924528301886,-0.0009746588693957114,0.7626237376262374,1,1,1.0
P0A9T0,410,CD,117,0,0.0,287,0,0.0,0.0,1.0,0,0,1.0
P0A9W3,555,CD,99,1,0.010101010101010102,438,0,0.0,0.01,0.18958104189581043,1,0,1.0
P0A9Z1,112,CD,55,0,0.0,57,0,0.0,0.0,1.0,0,0,1.0
P0AA10,142,CD,54,0,0.0,88,0,0.0,0.0,1.0,0,0,1.0
P0AA25,109,CD,84,1,0.011904761904761904,25,0,0.0,0.011764705882352941,0.7735226477352265,2,0,1.0
P0AA43,231,CD,90,0,0.0,140,0,0.0,0.0,1.0,0,0,1.0
P0AAC8,107,CD,51,2,0.0392156862745098,46,0,0.0,0.03773584905660377,0.285971402859714,3,0,1.0
P0AAI5,413,CD,218,1,0.0045871559633027525,194,0,0.0,0.0045662100456621,0.5304469553044695,2,0,1.0
P0AAI9,309,CD,116,2,0.017241379310344827,191,5,0.02617801047120419,-0.008561051539259772,0.8086191380861913,3,3,1.0
P0AB71,359,CD,105,3,0.02857142857142857,253,6,0.023715415019762844,0.004611754611754611,0.5184481551844815,3,3,1.0
P0AB77,398,CD,247,0,0.0,150,0,0.0,0.0,1.0,0,0,1.0
P0AB89,456,CD,111,0,0.0,345,0,0.0,0.0,1.0,0,0,1.0
P0AB91,350,CD,213,0,0.0,132,0,0.0,0.0,1.0,0,0,1.0
P0ABH7,427,CD,128,0,0.0,298,0,0.0,0.0,1.0,0,0,1.0
P0ABK5,323,CD,237,5,0.02109704641350211,75,0,0.0,0.02066115702479339,0.251974802519748,2,0,1.0
P0ABP8,239,CD,161,1,0.006211180124223602,76,0,0.0,0.006172839506172839,0.6837316268373163,1,0,1.0
P0ABT2,167,CD,69,0,0.0,90,0,0.0,0.0,1.0,0,0,1.0
P0ABZ6,428,CD,105,0,0.0,283,0,0.0,0.0,1.0,0,0,1.0
P0AC69,115,CD,41,0,0.0,72,1,0.013888888888888888,-0.0136986301369863,1.0,0,1,1.0
P0ACB2,324,CD,156,0,0.0,167,0,0.0,0.0,1.0,0,0,1.0
P0ACC7,456,CD,113,0,0.0,337,0,0.0,0.0,1.0,0,0,1.0
P0ACP7,341,CD,130,0,0.0,209,0,0.0,0.0,1.0,0,0,1.0
P0ACX3,101,CD,45,1,0.022222222222222223,51,0,0.0,0.021739130434782608,0.46925307469253075,2,0,1.0
P0ACY1,183,CD,56,0,0.0,121,0,0.0,0.0,1.0,0,0,1.0
P0AD61,470,CD,159,3,0.018867924528301886,308,4,0.012987012987012988,0.005698005698005697,0.44155584441555845,3,2,1.0
P0AD96,367,CD,131,0,0.0,213,0,0.0,0.0,1.0,0,0,1.0
P0ADE8,326,CD,191,0,0.0,133,0,0.0,0.0,1.0,0,0,1.0
P0ADI7,188,CD,95,0,0.0,93,0,0.0,0.0,1.0,0,0,1.0
P0ADV7,211,CD,56,0,0.0,129,0,0.0,0.0,1.0,0,0,1.0
P0ADY3,123,CD,68,0,0.0,55,2,0.03636363636363636,-0.03508771929824561,1.0,0,3,1.0
P0ADY7,136,CD,56,0,0.0,80,0,0.0,0.0,1.0,0,0,1.0
P0AE08,187,CD,106,4,0.03773584905660377,71,1,0.014084507042253521,0.022474747474747474,0.34336566343365665,3,1,1.0
P0AE18,264,CD,89,1,0.011235955056179775,174,1,0.005747126436781609,0.005396825396825397,0.5721427857214278,1,1,1.0
P0AEG4,208,CD,61,0,0.0,127,0,0.0,0.0,1.0,0,0,1.0
P0AEG6,236,CD,85,0,0.0,131,1,0.007633587786259542,-0.007575757575757576,1.0,0,1,1.0
P0AEK2,244,CD,72,0,0.0,171,2,0.011695906432748537,-0.011560693641618497,1.0,0,3,1.0
P0AEK4,262,CD,124,4,0.03225806451612903,134,0,0.0,0.03125,0.05169483051694831,3,0,1.0
P0AEM0,149,CD,95,0,0.0,54,0,0.0,0.0,1.0,0,0,1.0
P0AEP3,302,CD,101,1,0.009900990099009901,187,2,0.0106951871657754,-0.0007780890133831306,0.7247275272472753,2,3,1.0
P0AEQ3,248,CD,120,0,0.0,103,0,0.0,0.0,1.0,0,0,1.0
P0AES0,619,CD,371,0,0.0,232,0,0.0,0.0,1.0,0,0,1.0
P0AES4,875,CD,240,0,0.0,266,0,0.0,0.0,1.0,0,0,1.0
P0AES6,804,CD,113,0,0.0,278,1,0.0035971223021582736,-0.0035842293906810036,1.0,0,1,1.0
P0AEU0,260,CD,188,0,0.0,50,0,0.0,0.0,1.0,0,0,1.0
P0AEZ3,270,CD,153,1,0.006535947712418301,104,0,0.0,0.006493506493506494,0.5956404359564044,1,0,1.0
P0AEZ9,170,CD,70,0,0.0,99,0,0.0,0.0,1.0,0,0,1.0
P0AF12,232,CD,119,1,0.008403361344537815,113,3,0.02654867256637168,-0.017528735632183906,0.9413058694130587,3,3,1.0
P0AF24,250,CD,62,0,0.0,188,0,0.0,0.0,1.0,0,0,1.0
P0AF93,128,CD,61,0,0.0,65,1,0.015384615384615385,-0.015151515151515152,1.0,0,3,1.0
P0AFF6,495,CD,57,0,0.0,262,3,0.011450381679389313,-0.011320754716981131,1.0,0,3,1.0
P0AFG3,933,CD,268,0,0.0,544,0,0.0,0.0,1.0,0,0,1.0
P0AFG6,405,CD,95,0,0.0,138,0,0.0,0.0,1.0,0,0,1.0
P0AFG8,887,CD,517,2,0.0038684719535783366,314,1,0.0031847133757961785,0.0006789613726029911,0.6833316668333167,2,1,1.0
P0AFK9,348,CD,182,1,0.005494505494505495,141,0,0.0,0.00546448087431694,0.5676432356764324,1,0,1.0
P0AFL3,190,CD,103,1,0.009708737864077669,63,0,0.0,0.009615384615384616,0.6148385161483851,1,0,1.0
P0AFQ7,265,CD,67,0,0.0,198,0,0.0,0.0,1.0,0,0,1.0
P0AFU8,213,CD,99,0,0.0,107,0,0.0,0.0,1.0,0,0,1.0
P0AG30,419,CD,89,1,0.011235955056179775,319,2,0.006269592476489028,0.004880581516095535,0.5252474752524747,1,1,1.0
P0AG55,177,CD,52,1,0.019230769230769232,124,1,0.008064516129032258,0.010867924528301886,0.514048595140486,1,1,1.0
P0AG67,557,CD,51,0,0.0,126,0,0.0,0.0,1.0,0,0,1.0
P0AG82,346,CD,190,0,0.0,131,1,0.007633587786259542,-0.007575757575757576,1.0,0,1,1.0
P0AGD3,193,CD,81,1,0.012345679012345678,111,2,0.018018018018018018,-0.005503993093028275,0.8045195480451954,1,2,1.0
P0AGE0,178,CD,51,0,0.0,94,0,0.0,0.0,1.0,0,0,1.0
P0AGE9,289,CD,127,0,0.0,160,0,0.0,0.0,1.0,0,0,1.0
P0AGJ9,424,CD,126,0,0.0,291,0,0.0,0.0,1.0,0,0,1.0
P0CE48,394,CD,178,7,0.03932584269662921,208,13,0.0625,-0.020985691573926865,0.8861113888611138,3,3,1.0
P10121,497,CD,162,0,0.0,146,0,0.0,0.0,1.0,0,0,1.0
P10408,901,CD,175,0,0.0,296,0,0.0,0.0,1.0,0,0,1.0
P11875,577,CD,201,0,0.0,372,0,0.0,0.0,1.0,0,0,1.0
P12281,411,CD,298,0,0.0,107,0,0.0,0.0,1.0,0,0,1.0
P12758,253,CD,212,0,0.0,41,0,0.0,0.0,1.0,0,0,1.0
P13029,726,CD,136,0,0.0,169,0,0.0,0.0,1.0,0,0,1.0
P13035,501,CD,249,1,0.004016064257028112,250,0,0.0,0.004,0.5010498950104989,2,0,1.0
P15042,671,CD,166,0,0.0,420,0,0.0,0.0,1.0,0,0,1.0
P15770,272,CD,64,0,0.0,207,0,0.0,0.0,1.0,0,0,1.0
P16456,347,CD,242,1,0.004132231404958678,93,0,0.0,0.00411522633744856,0.7252274772522748,1,0,1.0
P17169,609,CD,387,1,0.002583979328165375,221,0,0.0,0.002577319587628866,0.6357364263573643,2,0,1.0
P18843,275,CD,152,0,0.0,109,0,0.0,0.0,1.0,0,0,1.0
P21165,443,CD,249,0,0.0,192,0,0.0,0.0,1.0,0,0,1.0
P21513,1061,CD,63,0,0.0,447,0,0.0,0.0,1.0,0,0,1.0
P21599,480,CD,246,0,0.0,233,0,0.0,0.0,1.0,0,0,1.0
P21888,461,CD,227,0,0.0,234,0,0.0,0.0,1.0,0,0,1.0
P21889,590,CD,308,1,0.003246753246753247,282,1,0.0035460992907801418,-0.00029732294990108274,0.76992300769923,2,2,1.0
P22188,495,CD,261,0,0.0,230,0,0.0,0.0,1.0,0,0,1.0
P22259,540,CD,397,1,0.0025188916876574307,140,0,0.0,0.002512562814070352,0.7402259774022598,1,0,1.0
P22939,299,CD,93,0,0.0,206,0,0.0,0.0,1.0,0,0,1.0
P23003,366,CD,67,0,0.0,299,0,0.0,0.0,1.0,0,0,1.0
P23721,362,CD,199,1,0.005025125628140704,161,0,0.0,0.005,0.5480451954804519,1,0,1.0
P23827,162,CD,100,0,0.0,42,0,0.0,0.0,1.0,0,0,1.0
P23843,543,CD,334,9,0.02694610778443114,183,2,0.01092896174863388,0.015428256244582775,0.20377962203779623,3,2,1.0
P23847,535,CD,321,19,0.059190031152647975,186,6,0.03225806451612903,0.024632352941176473,0.1367863213678632,3,2,1.0
P23869,164,CD,100,3,0.03,64,1,0.015625,0.013741598207617625,0.5010498950104989,3,2,1.0
P23882,315,CD,114,0,0.0,200,0,0.0,0.0,1.0,0,0,1.0
P24182,449,CD,203,0,0.0,244,0,0.0,0.0,1.0,0,0,1.0
P24186,288,CD,165,0,0.0,122,0,0.0,0.0,1.0,0,0,1.0
P26616,565,CD,248,2,0.008064516129032258,309,0,0.0,0.008,0.19568043195680432,2,0,1.0
P27248,364,CD,283,1,0.0035335689045936395,80,0,0.0,0.0035211267605633804,0.7848215178482152,1,0,1.0
P27302,663,CD,454,4,0.00881057268722467,208,0,0.0,0.008733624454148471,0.22207779222077792,3,0,1.0
P27828,376,CD,64,0,0.0,311,0,0.0,0.0,1.0,0,0,1.0
P30178,361,CD,129,0,0.0,230,0,0.0,0.0,1.0,0,0,1.0
P30850,644,CD,329,0,0.0,314,0,0.0,0.0,1.0,0,0,1.0
P31057,264,CD,110,1,0.00909090909090909,152,0,0.0,0.009009009009009009,0.41705829417058293,1,0,1.0
P31142,281,CD,180,0,0.0,81,0,0.0,0.0,1.0,0,0,1.0
P31663,283,CD,91,0,0.0,191,0,0.0,0.0,1.0,0,0,1.0
P31697,241,CD,48,1,0.020833333333333332,157,1,0.006369426751592357,0.014079049341255489,0.41655834416558346,2,1,1.0
P33136,511,CD,296,0,0.0,189,0,0.0,0.0,1.0,0,0,1.0
P35340,521,CD,330,0,0.0,191,0,0.0,0.0,1.0,0,0,1.0
P36683,865,CD,609,6,0.009852216748768473,253,1,0.003952569169960474,0.005819089686959862,0.34426557344265574,3,1,1.0
P36767,303,CD,78,0,0.0,223,0,0.0,0.0,1.0,0,0,1.0
P36929,429,CD,120,0,0.0,305,0,0.0,0.0,1.0,0,0,1.0
P37095,427,CD,186,1,0.005376344086021506,240,0,0.0,0.0053475935828877,0.43465653434656537,1,0,1.0
P37329,257,CD,123,0,0.0,108,0,0.0,0.0,1.0,0,0,1.0
P37744,293,CD,75,0,0.0,215,0,0.0,0.0,1.0,0,0,1.0
P37747,367,CD,195,0,0.0,172,0,0.0,0.0,1.0,0,0,1.0
P37765,291,CD,127,0,0.0,123,0,0.0,0.0,1.0,0,0,1.0
P38489,217,CD,121,0,0.0,96,0,0.0,0.0,1.0,0,0,1.0
P39377,390,CD,173,0,0.0,216,0,0.0,0.0,1.0,0,0,1.0
P45523,270,CD,83,1,0.012048192771084338,130,0,0.0,0.011904761904761904,0.39646035396460355,3,0,1.0
P45748,190,CD,118,0,0.0,68,0,0.0,0.0,1.0,0,0,1.0
P45799,186,CD,63,0,0.0,122,0,0.0,0.0,1.0,0,0,1.0
P52697,331,CD,115,0,0.0,216,2,0.009259259259259259,-0.009174311926605505,1.0,0,3,1.0
P60422,273,CD,114,1,0.008771929824561403,157,3,0.01910828025477707,-0.010054347826086956,0.8865113488651135,1,3,1.0
P60438,209,CD,129,2,0.015503875968992248,80,0,0.0,0.015267175572519083,0.3762623737626237,3,0,1.0
P60546,207,CD,117,1,0.008547008547008548,89,0,0.0,0.00847457627118644,0.5705429457054294,2,0,1.0
P60624,104,CD,49,0,0.0,53,0,0.0,0.0,1.0,0,0,1.0
P60723,201,CD,70,1,0.014285714285714285,131,0,0.0,0.014084507042253521,0.35266473352664734,1,0,1.0
P60906,424,CD,63,0,0.0,128,0,0.0,0.0,1.0,0,0,1.0
P61175,110,CD,41,0,0.0,69,1,0.014492753623188406,-0.014285714285714285,1.0,0,1,1.0
P61316,203,CD,76,0,0.0,106,0,0.0,0.0,1.0,0,0,1.0
P61517,220,CD,68,0,0.0,146,0,0.0,0.0,1.0,0,0,1.0
P61889,312,CD,113,1,0.008849557522123894,199,0,0.0,0.008771929824561403,0.3715628437156284,2,0,1.0
P61949,176,CD,62,0,0.0,113,0,0.0,0.0,1.0,0,0,1.0
P62399,179,CD,41,0,0.0,136,1,0.007352941176470588,-0.0072992700729927005,1.0,0,1,1.0
P62707,250,CD,132,2,0.015151515151515152,114,0,0.0,0.014925373134328358,0.29417058294170584,3,0,1.0
P63224,192,CD,70,0,0.0,122,0,0.0,0.0,1.0,0,0,1.0
P63284,857,CD,124,0,0.0,219,0,0.0,0.0,1.0,0,0,1.0
P65556,180,CD,114,1,0.008771929824561403,47,0,0.0,0.008695652173913044,0.7084291570842915,1,0,1.0
P67095,184,CD,80,0,0.0,104,0,0.0,0.0,1.0,0,0,1.0
P67910,310,CD,154,0,0.0,152,1,0.006578947368421052,-0.006535947712418301,1.0,0,3,1.0
P69441,214,CD,53,1,0.018867924528301886,161,0,0.0,0.018518518518518517,0.25237476252374763,1,0,1.0
P69503,183,CD,67,0,0.0,115,1,0.008695652173913044,-0.008620689655172414,1.0,0,2,1.0
P69783,169,CD,56,0,0.0,105,0,0.0,0.0,1.0,0,0,1.0
P69924,376,CD,96,0,0.0,261,0,0.0,0.0,1.0,0,0,1.0
P75823,333,CD,207,0,0.0,125,0,0.0,0.0,1.0,0,0,1.0
P76290,247,CD,134,0,0.0,97,0,0.0,0.0,1.0,0,0,1.0
P76344,216,CD,54,0,0.0,136,0,0.0,0.0,1.0,0,0,1.0
P77395,284,CD,84,0,0.0,190,0,0.0,0.0,1.0,0,0,1.0
P77398,660,CD,354,0,0.0,290,0,0.0,0.0,1.0,0,0,1.0
P77608,269,CD,75,1,0.013333333333333334,186,3,0.016129032258064516,-0.0027151211361737676,0.7419258074192581,1,3,1.0
Q46856,387,CD,244,0,0.0,143,0,0.0,0.0,1.0,0,0,1.0
Q46893,236,CD,54,0,0.0,171,0,0.0,0.0,1.0,0,0,1.0
Q57261,349,CD,181,0,0.0,159,0,0.0,0.0,1.0,0,0,1.0
P00350,468,CG,69,3,0.043478260869565216,398,8,0.020100502512562814,0.02196223316912972,0.2298770122987701,2,2,1.0
P00370,447,CG,197,0,0.0,245,0,0.0,0.0,1.0,0,0,1.0
P00448,206,CG,97,0,0.0,108,3,0.027777777777777776,-0.02702702702702703,1.0,0,3,1.0
P00509,396,CG,226,2,0.008849557522123894,170,1,0.0058823529411764705,0.0029239766081871343,0.6004399560043996,2,1,1.0
P00561,820,CG,95,0,0.0,61,0,0.0,0.0,1.0,0,0,1.0
P00864,883,CG,285,0,0.0,589,0,0.0,0.0,1.0,0,0,1.0
P00934,428,CG,288,0,0.0,140,0,0.0,0.0,1.0,0,0,1.0
P00957,876,CG,160,0,0.0,281,1,0.0035587188612099642,-0.0035460992907801418,1.0,0,1,1.0
P00959,677,CG,262,0,0.0,285,0,0.0,0.0,1.0,0,0,1.0
P00962,554,CG,361,0,0.0,181,0,0.0,0.0,1.0,0,0,1.0
P00963,330,CG,170,0,0.0,157,0,0.0,0.0,1.0,0,0,1.0
P02925,296,CG,64,0,0.0,207,1,0.004830917874396135,-0.004807692307692308,1.0,0,1,1.0
P03023,360,CG,126,1,0.007936507936507936,229,0,0.0,0.007874015748031496,0.36166383361663834,1,0,1.0
P04036,273,CG,162,1,0.006172839506172839,110,0,0.0,0.006134969325153374,0.599040095990401,3,0,1.0
P04079,525,CG,190,3,0.015789473684210527,311,2,0.006430868167202572,0.009154265092949726,0.28957104289571045,3,2,1.0
P04425,316,CG,149,1,0.006711409395973154,165,0,0.0,0.006666666666666667,0.48155184481551844,3,0,1.0
P04816,369,CG,129,1,0.007751937984496124,216,0,0.0,0.007692307692307693,0.37336266373362664,1,0,1.0
P04825,870,CG,235,1,0.00425531914893617,635,2,0.0031496062992125984,0.001097570710161509,0.6100389961003899,1,3,1.0
P04951,248,CG,114,0,0.0,132,0,0.0,0.0,1.0,0,0,1.0
P05020,348,CG,190,1,0.005263157894736842,153,1,0.006535947712418301,-0.001257904399265656,0.8001199880011999,1,1,1.0
P05055,711,CG,133,1,0.007518796992481203,411,3,0.0072992700729927005,0.00021630975556997598,0.679032096790321,1,2,1.0
P06612,865,CG,60,0,0.0,763,0,0.0,0.0,1.0,0,0,1.0
P06715,450,CG,177,1,0.005649717514124294,272,0,0.0,0.0056179775280898875,0.3925607439256074,1,0,1.0
P06968,152,CG,54,0,0.0,98,0,0.0,0.0,1.0,0,0,1.0
P06999,309,CG,64,0,0.0,245,0,0.0,0.0,1.0,0,0,1.0
P07012,365,CG,183,1,0.00546448087431694,179,0,0.0,0.005434782608695652,0.5055494450554945,1,0,1.0
P07649,270,CG,141,0,0.0,123,0,0.0,0.0,1.0,0,0,1.0
P07813,860,CG,544,2,0.003676470588235294,316,2,0.006329113924050633,-0.0026263045130969663,0.8566143385661434,2,2,1.0
P07862,306,CG,146,0,0.0,160,0,0.0,0.0,1.0,0,0,1.0
P08200,416,CG,192,6,0.03125,224,5,0.022321428571428572,0.008468969167659126,0.40435956404359563,3,3,1.0
P08244,245,CG,103,1,0.009708737864077669,128,0,0.0,0.009615384615384616,0.44965503449655037,1,0,1.0
P08839,575,CG,135,2,0.014814814814814815,436,3,0.006880733944954129,0.007764827161930731,0.33966603339666035,2,3,1.0
P09030,268,CG,119,0,0.0,149,0,0.0,0.0,1.0,0,0,1.0
P09147,338,CG,114,0,0.0,224,0,0.0,0.0,1.0,0,0,1.0
P09158,288,CG,133,0,0.0,149,0,0.0,0.0,1.0,0,0,1.0
P09373,760,CG,393,0,0.0,366,2,0.00546448087431694,-0.005434782608695652,1.0,0,2,1.0
P0A6B4,359,CG,240,0,0.0,119,0,0.0,0.0,1.0,0,0,1.0
P0A6B7,404,CG,277,4,0.01444043321299639,108,1,0.009259259259259259,0.005060563518234352,0.5711428857114289,2,1,1.0
P0A6F3,502,CG,266,0,0.0,233,1,0.004291845493562232,-0.004273504273504274,1.0,0,1,1.0
P0A6F5,548,CG,166,18,0.10843373493975904,359,28,0.07799442896935933,0.025474665767891258,0.1867813218678132,3,3,1.0
P0A6I0,227,CG,163,0,0.0,60,1,0.016666666666666666,-0.01639344262295082,1.0,0,1,1.0
P0A6K3,169,CG,59,1,0.01694915254237288,109,0,0.0,0.016666666666666666,0.36126387361263873,1,0,1.0
P0A6L0,259,CG,86,0,0.0,165,1,0.006060606060606061,-0.006024096385542169,1.0,0,1,1.0
P0A6L2,292,CG,111,0,0.0,181,1,0.0055248618784530384,-0.005494505494505495,1.0,0,1,1.0
P0A6L9,171,CG,59,0,0.0,112,0,0.0,0.0,1.0,0,0,1.0
P0A6P1,283,CG,50,3,0.06,232,8,0.034482758620689655,0.02327044025157233,0.32066793320667936,2,3,1.0
P0A6P9,432,CG,179,4,0.0223463687150838,253,4,0.015810276679841896,0.006293721162637409,0.43425657434256576,2,2,1.0
P0A6R0,317,CG,128,0,0.0,189,0,0.0,0.0,1.0,0,0,1.0
P0A6T1,549,CG,267,0,0.0,282,0,0.0,0.0,1.0,0,0,1.0
P0A6T9,129,CG,54,0,0.0,74,0,0.0,0.0,1.0,0,0,1.0
P0A6Y8,638,CG,200,7,0.035,399,6,0.015037593984962405,0.01900161030595813,0.1080891910808919,3,3,1.0
P0A6Z1,616,CG,56,0,0.0,171,0,0.0,0.0,1.0,0,0,1.0
P0A6Z3,624,CG,193,2,0.010362694300518135,282,1,0.0035460992907801418,0.006722841351816617,0.3658634136586341,2,2,1.0
P0A715,284,CG,112,1,0.008928571428571428,172,0,0.0,0.008849557522123894,0.40705929407059294,1,0,1.0
P0A717,315,CG,63,0,0.0,245,2,0.00816326530612245,-0.008097165991902834,1.0,0,2,1.0
P0A720,213,CG,53,0,0.0,157,0,0.0,0.0,1.0,0,0,1.0
P0A731,152,CG,65,0,0.0,87,1,0.011494252873563218,-0.011363636363636364,1.0,0,1,1.0
P0A738,161,CG,88,0,0.0,55,0,0.0,0.0,1.0,0,0,1.0
P0A746,137,CG,88,0,0.0,46,0,0.0,0.0,1.0,0,0,1.0
P0A749,419,CG,73,0,0.0,345,1,0.002898550724637681,-0.002890173410404624,1.0,0,2,1.0
P0A763,143,CG,94,1,0.010638297872340425,48,1,0.020833333333333332,-0.009881847475832437,0.889011098890111,1,1,1.0
P0A784,181,CG,99,0,0.0,81,0,0.0,0.0,1.0,0,0,1.0
P0A790,126,CG,93,3,0.03225806451612903,32,0,0.0,0.03125,0.41545845415458454,3,0,1.0
P0A794,243,CG,88,0,0.0,154,0,0.0,0.0,1.0,0,0,1.0
P0A796,320,CG,72,0,0.0,248,1,0.004032258064516129,-0.004016064257028112,1.0,0,2,1.0
P0A799,387,CG,194,11,0.05670103092783505,192,4,0.020833333333333332,0.03325037332005973,0.0644935506449355,3,3,1.0
P0A7A9,176,CG,61,3,0.04918032786885246,114,7,0.06140350877192982,-0.01097623966942149,0.7387261273872613,3,3,1.0
P0A7B5,367,CG,124,0,0.0,241,0,0.0,0.0,1.0,0,0,1.0
P0A7B8,176,CG,70,0,0.0,104,1,0.009615384615384616,-0.009523809523809525,1.0,0,1,1.0
P0A7D4,432,CG,177,0,0.0,254,3,0.011811023622047244,-0.011673151750972763,1.0,0,2,1.0
P0A7E5,545,CG,282,2,0.0070921985815602835,254,2,0.007874015748031496,-0.0007702464788732393,0.7336266373362663,2,1,1.0
P0A7E9,241,CG,103,0,0.0,135,0,0.0,0.0,1.0,0,0,1.0
P0A7G6,353,CG,163,0,0.0,173,0,0.0,0.0,1.0,0,0,1.0
P0A7J0,217,CG,134,0,0.0,75,0,0.0,0.0,1.0,0,0,1.0
P0A7J3,165,CG,86,1,0.011627906976744186,49,1,0.02040816326530612,-0.008505747126436782,0.865013498650135,1,1,1.0
P0A7K6,115,CG,92,1,0.010869565217391304,22,0,0.0,0.010752688172043012,0.8089191080891911,1,0,1.0
P0A7Z0,219,CG,149,1,0.006711409395973154,69,0,0.0,0.006666666666666667,0.69003099690031,1,0,1.0
P0A7Z4,329,CG,110,4,0.03636363636363636,122,2,0.01639344262295082,0.018958687040181096,0.3144685531446855,3,2,1.0
P0A817,384,CG,228,2,0.008771929824561403,155,4,0.025806451612903226,-0.016461580530489475,0.9558044195580442,2,2,1.0
P0A825,417,CG,246,1,0.0040650406504065045,171,3,0.017543859649122806,-0.01319279631439341,0.9744025597440256,1,3,1.0
P0A836,388,CG,160,0,0.0,228,2,0.008771929824561403,-0.008695652173913044,1.0,0,2,1.0
P0A850,432,CG,167,1,0.005988023952095809,264,0,0.0,0.005952380952380952,0.38646135386461355,1,0,1.0
P0A855,430,CG,71,0,0.0,337,0,0.0,0.0,1.0,0,0,1.0
P0A858,255,CG,108,1,0.009259259259259259,147,1,0.006802721088435374,0.002417555169848748,0.6744325567443256,2,1,1.0
P0A862,168,CG,105,1,0.009523809523809525,62,1,0.016129032258064516,-0.006439053608864929,0.8624137586241376,2,1,1.0
P0A870,317,CG,86,1,0.011627906976744186,230,5,0.021739130434782608,-0.009782342871117632,0.8488151184881512,2,3,1.0
P0A8A0,246,CG,66,0,0.0,167,0,0.0,0.0,1.0,0,0,1.0
P0A8F0,208,CG,111,1,0.009009009009009009,96,0,0.0,0.008928571428571428,0.5395460453954605,2,0,1.0
P0A8I5,239,CG,129,0,0.0,76,0,0.0,0.0,1.0,0,0,1.0
P0A8L1,430,CG,226,1,0.004424778761061947,202,3,0.01485148514851485,-0.01022885999785108,0.9532046795320468,2,2,1.0
P0A8M3,642,CG,376,1,0.0026595744680851063,265,1,0.0037735849056603774,-0.0011068786023413972,0.8315168483151685,2,1,1.0
P0A8N3,505,CG,273,0,0.0,213,0,0.0,0.0,1.0,0,0,1.0
P0A8N5,505,CG,162,0,0.0,323,0,0.0,0.0,1.0,0,0,1.0
P0A8R0,161,CG,106,1,0.009433962264150943,54,0,0.0,0.009345794392523364,0.6685331466853315,1,0,1.0
P0A8T7,1407,CG,439,2,0.004555808656036446,483,2,0.004140786749482402,0.0004114360520840639,0.6516348365163483,1,2,1.0
P0A8V2,1342,CG,614,6,0.009771986970684038,723,9,0.012448132780082987,-0.0026176626123744044,0.7613238676132387,2,2,1.0
P0A8Y5,270,CG,66,0,0.0,204,0,0.0,0.0,1.0,0,0,1.0
P0A912,173,CG,66,0,0.0,42,0,0.0,0.0,1.0,0,0,1.0
P0A953,406,CG,246,3,0.012195121951219513,160,4,0.025,-0.012342051131354687,0.9085091490850915,3,3,1.0
P0A955,213,CG,83,1,0.012048192771084338,130,5,0.038461538461538464,-0.02513227513227513,0.9467053294670533,2,3,1.0
P0A959,405,CG,216,0,0.0,188,0,0.0,0.0,1.0,0,0,1.0
P0A998,165,CG,65,0,0.0,98,2,0.02040816326530612,-0.02,1.0,0,3,1.0
P0A9A6,383,CG,148,0,0.0,157,0,0.0,0.0,1.0,0,0,1.0
P0A9M0,784,CG,93,0,0.0,146,0,0.0,0.0,1.0,0,0,1.0
P0A9M2,178,CG,64,0,0.0,111,0,0.0,0.0,1.0,0,0,1.0
P0A9M5,152,CG,60,0,0.0,90,0,0.0,0.0,1.0,0,0,1.0
P0A9P0,474,CG,194,1,0.005154639175257732,277,3,0.010830324909747292,-0.005586080586080586,0.8735126487351265,2,3,1.0
P0A9P4,321,CG,185,3,0.016216216216216217,135,0,0.0,0.015957446808510637,0.19988001199880012,2,0,1.0
P0A9P6,629,CG,138,0,0.0,89,0,0.0,0.0,1.0,0,0,1.0
P0A9Q7,891,CG,182,0,0.0,224,0,0.0,0.0,1.0,0,0,1.0
P0A9Q9,367,CG,56,1,0.017857142857142856,311,1,0.003215434083601286,0.014338731443994602,0.28457154284571545,1,1,1.0
P0A9R4,111,CG,56,0,0.0,53,2,0.03773584905660377,-0.03636363636363636,1.0,0,3,1.0
P0A9T0,410,CG,117,0,0.0,287,2,0.006968641114982578,-0.006920415224913495,1.0,0,1,1.0
P0A9W3,555,CG,99,0,0.0,438,1,0.00228310502283105,-0.002277904328018223,1.0,0,2,1.0
P0A9Z1,112,CG,55,0,0.0,57,0,0.0,0.0,1.0,0,0,1.0
P0AA10,142,CG,54,0,0.0,88,0,0.0,0.0,1.0,0,0,1.0
P0AA25,109,CG,84,1,0.011904761904761904,25,0,0.0,0.011764705882352941,0.772022797720228,3,0,1.0
P0AA43,231,CG,90,0,0.0,140,0,0.0,0.0,1.0,0,0,1.0
P0AAC8,107,CG,51,1,0.0196078431372549,46,0,0.0,0.019230769230769232,0.52994700529947,2,0,1.0
P0AAI5,413,CG,218,3,0.013761467889908258,194,2,0.010309278350515464,0.003370579000831103,0.5582441755824418,2,1,1.0
P0AAI9,309,CG,116,2,0.017241379310344827,191,5,0.02617801047120419,-0.008561051539259772,0.8135186481351865,3,3,1.0
P0AB71,359,CG,105,1,0.009523809523809525,253,3,0.011857707509881422,-0.002284787735849057,0.7521247875212479,1,2,1.0
P0AB77,398,CG,247,0,0.0,150,0,0.0,0.0,1.0,0,0,1.0
P0AB89,456,CG,111,0,0.0,345,0,0.0,0.0,1.0,0,0,1.0
P0AB91,350,CG,213,1,0.004694835680751174,132,1,0.007575757575757576,-0.0028458997962195207,0.8557144285571443,2,1,1.0
P0ABH7,427,CG,128,0,0.0,298,1,0.003355704697986577,-0.0033444816053511705,1.0,0,1,1.0
P0ABK5,323,CG,237,8,0.03375527426160337,75,2,0.02666666666666667,0.006679035250463823,0.5560443955604439,3,2,1.0
P0ABP8,239,CG,161,5,0.031055900621118012,76,0,0.0,0.030120481927710843,0.1494850514948505,3,0,1.0
P0ABT2,167,CG,69,0,0.0,90,0,0.0,0.0,1.0,0,0,1.0
P0ABZ6,428,CG,105,0,0.0,283,0,0.0,0.0,1.0,0,0,1.0
P0AC69,115,CG,41,0,0.0,72,1,0.013888888888888888,-0.0136986301369863,1.0,0,1,1.0
P0ACB2,324,CG,156,2,0.01282051282051282,167,0,0.0,0.012658227848101266,0.23117688231176883,2,0,1.0
P0ACC7,456,CG,113,0,0.0,337,0,0.0,0.0,1.0,0,0,1.0
P0ACP7,341,CG,130,0,0.0,209,0,0.0,0.0,1.0,0,0,1.0
P0ACX3,101,CG,45,1,0.022222222222222223,51,0,0.0,0.021739130434782608,0.46155384461553844,1,0,1.0
P0ACY1,183,CG,56,0,0.0,121,0,0.0,0.0,1.0,0,0,1.0
P0AD61,470,CG,159,6,0.03773584905660377,308,14,0.045454545454545456,-0.007114624505928854,0.7297270272972702,3,3,1.0
P0AD96,367,CG,131,0,0.0,213,0,0.0,0.0,1.0,0,0,1.0
P0ADE8,326,CG,191,0,0.0,133,0,0.0,0.0,1.0,0,0,1.0
P0ADI7,188,CG,95,0,0.0,93,0,0.0,0.0,1.0,0,0,1.0
P0ADV7,211,CG,56,0,0.0,129,0,0.0,0.0,1.0,0,0,1.0
P0ADY3,123,CG,68,1,0.014705882352941176,55,0,0.0,0.014492753623188406,0.5580441955804419,1,0,1.0
P0ADY7,136,CG,56,0,0.0,80,0,0.0,0.0,1.0,0,0,1.0
P0AE08,187,CG,106,7,0.0660377358490566,71,1,0.014084507042253521,0.04805801376597837,0.11198880111988802,3,2,1.0
P0AE18,264,CG,89,0,0.0,174,2,0.011494252873563218,-0.011363636363636364,1.0,0,3,1.0
P0AEG4,208,CG,61,0,0.0,127,0,0.0,0.0,1.0,0,0,1.0
P0AEG6,236,CG,85,0,0.0,131,0,0.0,0.0,1.0,0,0,1.0
P0AEK2,244,CG,72,2,0.027777777777777776,171,3,0.017543859649122806,0.009785647716682201,0.46765323467653236,3,2,1.0
P0AEK4,262,CG,124,6,0.04838709677419355,134,4,0.029850746268656716,0.017168338907469344,0.3464653534646535,3,2,1.0
P0AEM0,149,CG,95,1,0.010526315789473684,54,0,0.0,0.010416666666666666,0.6498350164983502,1,0,1.0
P0AEP3,302,CG,101,0,0.0,187,1,0.0053475935828877,-0.005319148936170213,1.0,0,1,1.0
P0AEQ3,248,CG,120,0,0.0,103,0,0.0,0.0,1.0,0,0,1.0
P0AES0,619,CG,371,0,0.0,232,0,0.0,0.0,1.0,0,0,1.0
P0AES4,875,CG,240,0,0.0,266,0,0.0,0.0,1.0,0,0,1.0
P0AES6,804,CG,113,1,0.008849557522123894,278,0,0.0,0.008771929824561403,0.293970602939706,1,0,1.0
P0AEU0,260,CG,188,0,0.0,50,0,0.0,0.0,1.0,0,0,1.0
P0AEZ3,270,CG,153,0,0.0,104,0,0.0,0.0,1.0,0,0,1.0
P0AEZ9,170,CG,70,0,0.0,99,0,0.0,0.0,1.0,0,0,1.0
P0AF12,232,CG,119,1,0.008403361344537815,113,1,0.008849557522123894,-0.0004385964912280698,0.7605239476052394,2,1,1.0
P0AF24,250,CG,62,0,0.0,188,1,0.005319148936170213,-0.005291005291005291,1.0,0,1,1.0
P0AF93,128,CG,61,2,0.03278688524590164,65,1,0.015384615384615385,0.016594516594516592,0.47435256474352566,2,3,1.0
P0AFF6,495,CG,57,0,0.0,262,2,0.007633587786259542,-0.007575757575757576,1.0,0,3,1.0
P0AFG3,933,CG,268,0,0.0,544,0,0.0,0.0,1.0,0,0,1.0
P0AFG6,405,CG,95,0,0.0,138,0,0.0,0.0,1.0,0,0,1.0
P0AFG8,887,CG,517,1,0.0019342359767891683,314,0,0.0,0.0019305019305019305,0.619038096190381,1,0,1.0
P0AFK9,348,CG,182,1,0.005494505494505495,141,0,0.0,0.00546448087431694,0.5637436256374363,2,0,1.0
P0AFL3,190,CG,103,0,0.0,63,1,0.015873015873015872,-0.015625,1.0,0,1,1.0
P0AFQ7,265,CG,67,0,0.0,198,0,0.0,0.0,1.0,0,0,1.0
P0AFU8,213,CG,99,0,0.0,107,0,0.0,0.0,1.0,0,0,1.0
P0AG30,419,CG,89,1,0.011235955056179775,319,1,0.003134796238244514,0.00798611111111111,0.39116088391160886,1,1,1.0
P0AG55,177,CG,52,0,0.0,124,0,0.0,0.0,1.0,0,0,1.0
P0AG67,557,CG,51,0,0.0,126,0,0.0,0.0,1.0,0,0,1.0
P0AG82,346,CG,190,0,0.0,131,0,0.0,0.0,1.0,0,0,1.0
P0AGD3,193,CG,81,4,0.04938271604938271,111,2,0.018018018018018018,0.029359708485163977,0.22087791220877911,2,3,1.0
P0AGE0,178,CG,51,0,0.0,94,0,0.0,0.0,1.0,0,0,1.0
P0AGE9,289,CG,127,0,0.0,160,0,0.0,0.0,1.0,0,0,1.0
P0AGJ9,424,CG,126,1,0.007936507936507936,291,2,0.006872852233676976,0.0010480771814785949,0.6557344265573443,2,2,1.0
P0CE48,394,CG,178,7,0.03932584269662921,208,13,0.0625,-0.020985691573926865,0.8849115088491151,3,3,1.0
P10121,497,CG,162,0,0.0,146,0,0.0,0.0,1.0,0,0,1.0
P10408,901,CG,175,0,0.0,296,0,0.0,0.0,1.0,0,0,1.0
P11875,577,CG,201,0,0.0,372,1,0.002688172043010753,-0.002680965147453083,1.0,0,1,1.0
P12281,411,CG,298,0,0.0,107,0,0.0,0.0,1.0,0,0,1.0
P12758,253,CG,212,1,0.0047169811320754715,41,0,0.0,0.004694835680751174,0.841015898410159,1,0,1.0
P13029,726,CG,136,0,0.0,169,0,0.0,0.0,1.0,0,0,1.0
P13035,501,CG,249,0,0.0,250,1,0.004,-0.00398406374501992,1.0,0,1,1.0
P15042,671,CG,166,0,0.0,420,0,0.0,0.0,1.0,0,0,1.0
P15770,272,CG,64,0,0.0,207,0,0.0,0.0,1.0,0,0,1.0
P16456,347,CG,242,1,0.004132231404958678,93,0,0.0,0.00411522633744856,0.7242275772422758,1,0,1.0
P17169,609,CG,387,3,0.007751937984496124,221,1,0.004524886877828055,0.0031878031878031883,0.538046195380462,3,1,1.0
P18843,275,CG,152,0,0.0,109,1,0.009174311926605505,-0.00909090909090909,1.0,0,1,1.0
P21165,443,CG,249,0,0.0,192,0,0.0,0.0,1.0,0,0,1.0
P21513,1061,CG,63,0,0.0,447,0,0.0,0.0,1.0,0,0,1.0
P21599,480,CG,246,0,0.0,233,1,0.004291845493562232,-0.004273504273504274,1.0,0,1,1.0
P21888,461,CG,227,0,0.0,234,1,0.004273504273504274,-0.00425531914893617,1.0,0,2,1.0
P21889,590,CG,308,2,0.006493506493506494,282,1,0.0035460992907801418,0.002918043998632167,0.5248475152484752,2,1,1.0
P22188,495,CG,261,0,0.0,230,0,0.0,0.0,1.0,0,0,1.0
P22259,540,CG,397,1,0.0025188916876574307,140,0,0.0,0.002512562814070352,0.7355264473552645,1,0,1.0
P22939,299,CG,93,0,0.0,206,0,0.0,0.0,1.0,0,0,1.0
P23003,366,CG,67,0,0.0,299,0,0.0,0.0,1.0,0,0,1.0
P23721,362,CG,199,3,0.01507537688442211,161,0,0.0,0.01485148514851485,0.17368263173682633,3,0,1.0
P23827,162,CG,100,0,0.0,42,0,0.0,0.0,1.0,0,0,1.0
P23843,543,CG,334,14,0.041916167664670656,183,8,0.04371584699453552,-0.0016549316964554403,0.6348365163483651,3,3,1.0
P23847,535,CG,321,28,0.08722741433021806,186,15,0.08064516129032258,0.00560236068938974,0.4707529247075293,3,3,1.0
P23869,164,CG,100,3,0.03,64,0,0.0,0.02912621359223301,0.2390760923907609,3,0,1.0
P23882,315,CG,114,0,0.0,200,0,0.0,0.0,1.0,0,0,1.0
P24182,449,CG,203,0,0.0,244,1,0.004098360655737705,-0.004081632653061225,1.0,0,1,1.0
P24186,288,CG,165,0,0.0,122,0,0.0,0.0,1.0,0,0,1.0
P26616,565,CG,248,1,0.004032258064516129,309,1,0.003236245954692557,0.0007902578054152089,0.6831316868313169,2,1,1.0
P27248,364,CG,283,0,0.0,80,0,0.0,0.0,1.0,0,0,1.0
P27302,663,CG,454,6,0.013215859030837005,208,3,0.014423076923076924,-0.0011745312178034206,0.6955304469553044,2,2,1.0
P27828,376,CG,64,0,0.0,311,0,0.0,0.0,1.0,0,0,1.0
P30178,361,CG,129,0,0.0,230,0,0.0,0.0,1.0,0,0,1.0
P30850,644,CG,329,0,0.0,314,0,0.0,0.0,1.0,0,0,1.0
P31057,264,CG,110,1,0.00909090909090909,152,3,0.019736842105263157,-0.010345829700668411,0.8858114188581142,1,2,1.0
P31142,281,CG,180,0,0.0,81,0,0.0,0.0,1.0,0,0,1.0
P31663,283,CG,91,0,0.0,191,0,0.0,0.0,1.0,0,0,1.0
P31697,241,CG,48,0,0.0,157,0,0.0,0.0,1.0,0,0,1.0
P33136,511,CG,296,0,0.0,189,0,0.0,0.0,1.0,0,0,1.0
P35340,521,CG,330,5,0.015151515151515152,191,3,0.015706806282722512,-0.0005385443914448385,0.6696330366963303,2,2,1.0
P36683,865,CG,609,6,0.009852216748768473,253,1,0.003952569169960474,0.005819089686959862,0.3437656234376562,2,2,1.0
P36767,303,CG,78,0,0.0,223,0,0.0,0.0,1.0,0,0,1.0
P36929,429,CG,120,0,0.0,305,0,0.0,0.0,1.0,0,0,1.0
P37095,427,CG,186,1,0.005376344086021506,240,0,0.0,0.0053475935828877,0.43295670432956707,1,0,1.0
P37329,257,CG,123,0,0.0,108,0,0.0,0.0,1.0,0,0,1.0
P37744,293,CG,75,0,0.0,215,1,0.004651162790697674,-0.004629629629629629,1.0,0,1,1.0
P37747,367,CG,195,0,0.0,172,0,0.0,0.0,1.0,0,0,1.0
P37765,291,CG,127,0,0.0,123,0,0.0,0.0,1.0,0,0,1.0
P38489,217,CG,121,2,0.01652892561983471,96,0,0.0,0.016260162601626018,0.31986801319868013,2,0,1.0
P39377,390,CG,173,0,0.0,216,1,0.004629629629629629,-0.004608294930875576,1.0,0,1,1.0
P45523,270,CG,83,1,0.012048192771084338,130,0,0.0,0.011904761904761904,0.39506049395060494,2,0,1.0
P45748,190,CG,118,0,0.0,68,0,0.0,0.0,1.0,0,0,1.0
P45799,186,CG,63,0,0.0,122,0,0.0,0.0,1.0,0,0,1.0
P52697,331,CG,115,0,0.0,216,1,0.004629629629629629,-0.004608294930875576,1.0,0,2,1.0
P60422,273,CG,114,0,0.0,157,0,0.0,0.0,1.0,0,0,1.0
P60438,209,CG,129,1,0.007751937984496124,80,0,0.0,0.007692307692307693,0.6180381961803819,1,0,1.0
P60546,207,CG,117,1,0.008547008547008548,89,0,0.0,0.00847457627118644,0.5765423457654234,3,0,1.0
P60624,104,CG,49,0,0.0,53,0,0.0,0.0,1.0,0,0,1.0
P60723,201,CG,70,1,0.014285714285714285,131,0,0.0,0.014084507042253521,0.3584641535846415,1,0,1.0
P60906,424,CG,63,1,0.015873015873015872,128,0,0.0,0.015625,0.33596640335966405,1,0,1.0
P61175,110,CG,41,0,0.0,69,0,0.0,0.0,1.0,0,0,1.0
P61316,203,CG,76,0,0.0,106,0,0.0,0.0,1.0,0,0,1.0
P61517,220,CG,68,1,0.014705882352941176,146,0,0.0,0.014492753623188406,0.31626837316268375,1,0,1.0
P61889,312,CG,113,1,0.008849557522123894,199,1,0.005025125628140704,0.003771929824561403,0.5933406659334066,2,1,1.0
P61949,176,CG,62,1,0.016129032258064516,113,0,0.0,0.015873015873015872,0.35626437356264373,1,0,1.0
P62399,179,CG,41,0,0.0,136,1,0.007352941176470588,-0.0072992700729927005,1.0,0,1,1.0
P62707,250,CG,132,5,0.03787878787878788,114,0,0.0,0.0364963503649635,0.044995500449955005,3,0,1.0
P63224,192,CG,70,0,0.0,122,0,0.0,0.0,1.0,0,0,1.0
P63284,857,CG,124,0,0.0,219,0,0.0,0.0,1.0,0,0,1.0
P65556,180,CG,114,0,0.0,47,0,0.0,0.0,1.0,0,0,1.0
P67095,184,CG,80,0,0.0,104,0,0.0,0.0,1.0,0,0,1.0
P67910,310,CG,154,1,0.006493506493506494,152,0,0.0,0.0064516129032258064,0.5076492350764924,1,0,1.0
P69441,214,CG,53,1,0.018867924528301886,161,0,0.0,0.018518518518518517,0.25317468253174685,2,0,1.0
P69503,183,CG,67,1,0.014925373134328358,115,2,0.017391304347826087,-0.0023881347410759195,0.7416258374162584,1,3,1.0
P69783,169,CG,56,1,0.017857142857142856,105,1,0.009523809523809525,0.008109897384971863,0.5755424457554245,1,1,1.0
P69924,376,CG,96,0,0.0,261,0,0.0,0.0,1.0,0,0,1.0
P75823,333,CG,207,0,0.0,125,0,0.0,0.0,1.0,0,0,1.0
P76290,247,CG,134,0,0.0,97,0,0.0,0.0,1.0,0,0,1.0
P76344,216,CG,54,0,0.0,136,0,0.0,0.0,1.0,0,0,1.0
P77395,284,CG,84,0,0.0,190,0,0.0,0.0,1.0,0,0,1.0
P77398,660,CG,354,0,0.0,290,0,0.0,0.0,1.0,0,0,1.0
P77608,269,CG,75,4,0.05333333333333334,186,2,0.010752688172043012,0.039994613520064635,0.0673932606739326,3,2,1.0
Q46856,387,CG,244,0,0.0,143,0,0.0,0.0,1.0,0,0,1.0
Q46893,236,CG,54,0,0.0,171,0,0.0,0.0,1.0,0,0,1.0
Q57261,349,CG,181,0,0.0,159,0,0.0,0.0,1.0,0,0,1.0
