W|F|Y|C|I|V|L|M|H|T|R|P|Q|N|A|S|K|G|E|D|AA
0.0475|0.0|0.0|0.0|0.0|0.0|0.0|0.0|0.0|0.0|0.0|0.0|0.0|0.0|0.0|0.0|0.0|0.0|0.0|0.0|W
0.4185|0.0|0.0|0.0|0.0|0.0|0.0|0.0|0.0|0.0|0.0|0.0|0.0|0.0|0.0|0.0|0.0|0.0|0.0|0.0|F
0.3538|0.0|0.0069|0.0|0.0|0.0|0.0|0.0|0.0|0.0|0.0|0.0|0.0|0.0|0.0|0.0|0.0|0.0|0.0|0.0|Y
0.3593|0.1901|0.1329|0.0|0.0|0.0|0.0|0.0|0.0|0.0|0.0|0.0|0.0|0.0|0.0|0.0|0.0|0.0|0.0|0.0|C
0.1312|0.0434|0.0473|0.2388|0.4094|0.0|0.0|0.0|0.0|0.0|0.0|0.0|0.0|0.0|0.0|0.0|0.0|0.0|0.0|0.0|I
0.0382|0.0724|0.3893|0.228|0.118|0.2175|0.0|0.0|0.0|0.0|0.0|0.0|0.0|0.0|0.0|0.0|0.0|0.0|0.0|0.0|V
0.2654|0.0134|0.0226|0.0035|0.2457|0.4033|0.4354|0.0|0.0|0.0|0.0|0.0|0.0|0.0|0.0|0.0|0.0|0.0|0.0|0.0|L
0.2971|0.2573|0.0298|0.0669|0.0363|0.0348|0.0062|0.2384|0.0|0.0|0.0|0.0|0.0|0.0|0.0|0.0|0.0|0.0|0.0|0.0|M
0.2755|0.3246|0.0719|0.0|0.3659|0.3758|0.3867|0.2304|0.0319|0.0|0.0|0.0|0.0|0.0|0.0|0.0|0.0|0.0|0.0|0.0|H
0.1561|0.0565|0.0011|0.3094|0.4229|0.038|0.1559|0.1473|0.0949|0.0356|0.0|0.0|0.0|0.0|0.0|0.0|0.0|0.0|0.0|0.0|T
0.3605|0.2852|0.2626|0.0461|0.0193|0.027|0.0305|0.0|0.0072|0.0934|0.1663|0.0|0.0|0.0|0.0|0.0|0.0|0.0|0.0|0.0|R
0.0976|0.0194|0.053|0.025|0.4088|0.2396|0.4017|0.0152|0.1472|0.4257|0.2113|0.035|0.0|0.0|0.0|0.0|0.0|0.0|0.0|0.0|P
0.3438|0.1967|0.1216|0.0917|0.1894|0.1441|0.3508|0.1444|0.2719|0.4252|0.3426|0.3262|0.1526|0.0|0.0|0.0|0.0|0.0|0.0|0.0|Q
0.3558|0.09|0.0895|0.2799|0.3484|0.1656|0.0628|0.2645|0.0825|0.2816|0.024|0.0462|0.1249|0.3543|0.0|0.0|0.0|0.0|0.0|0.0|N
0.0885|0.187|0.2577|0.1021|0.0142|0.3263|0.2757|0.3895|0.4094|0.0071|0.3173|0.2246|0.3129|0.3369|0.0886|0.0|0.0|0.0|0.0|0.0|A
0.1718|0.3585|0.0002|0.0858|0.3197|0.0434|0.2883|0.3582|0.2378|0.0107|0.2752|0.2749|0.0409|0.4086|0.0786|0.1629|0.0|0.0|0.0|0.0|S
0.3228|0.0022|0.3339|0.303|0.0685|0.0186|0.1416|0.2756|0.1228|0.135|0.0504|0.1258|0.4314|0.0329|0.2387|0.1747|0.2406|0.0|0.0|0.0|K
0.2751|0.0654|0.3013|0.1137|0.2176|0.2723|0.2181|0.05|0.0069|0.1671|0.1364|0.3693|0.2041|0.4098|0.3943|0.3517|0.0211|0.2775|0.0|0.0|G
0.1959|0.191|0.3314|0.0733|0.1971|0.2206|0.0094|0.3329|0.3966|0.2758|0.0155|0.3166|0.3251|0.0406|0.0293|0.1701|0.3284|0.3673|0.1832|0.0|E
0.0126|0.1708|0.2119|0.0255|0.0184|0.2349|0.1668|0.2317|0.1198|0.0809|0.0668|0.0761|0.1711|0.1956|0.1448|0.4413|0.0645|0.0838|0.3867|0.0967|D
