P76612|D|Arifuzzaman_2006
P75970|D|Arifuzzaman_2006
P76356|D|Arifuzzaman_2006
Q47719|D|Arifuzzaman_2006
P0ABD8|D|Arifuzzaman_2006
P39451|D|Arifuzzaman_2006
P23872|D|Arifuzzaman_2006
P37685|D|Arifuzzaman_2006
P39265|D|Arifuzzaman_2006
P00811|D|Arifuzzaman_2006
P02924|D|Arifuzzaman_2006
P0A6D0|D|Arifuzzaman_2006
P0AB91|D|Arifuzzaman_2006
P0A9Q9|D|Arifuzzaman_2006
P22106|D|Arifuzzaman_2006
P0ABA4|D|Arifuzzaman_2006
P17444|D|Arifuzzaman_2006
P12996|D|Arifuzzaman_2006
P06610|D|Arifuzzaman_2006
P31552|D|Arifuzzaman_2006
P31551|D|Arifuzzaman_2006
P36659|D|Arifuzzaman_2006
P07330|D|Arifuzzaman_2006
P07364|D|Arifuzzaman_2006
P0A964|D|Arifuzzaman_2006
P0AE72|D|Arifuzzaman_2006
P0A6H1|D|Arifuzzaman_2006
Q59385|D|Arifuzzaman_2006
P24175|D|Arifuzzaman_2006
P0AE85|D|Arifuzzaman_2006
P36649|D|Arifuzzaman_2006
P00816|D|Arifuzzaman_2006
P0ABJ1|D|Arifuzzaman_2006
P0ABJ1|D|Arifuzzaman_2006
P16700|D|Arifuzzaman_2006
P09549|D|Arifuzzaman_2006
P09549|D|Arifuzzaman_2006
P0C0V0|D|Arifuzzaman_2006
P0ACK5|D|Arifuzzaman_2006
P31460|D|Arifuzzaman_2006
P06966|D|Arifuzzaman_2006
P06965|D|Arifuzzaman_2006
P23840|D|Arifuzzaman_2006
P23840|D|Arifuzzaman_2006
Q46857|D|Arifuzzaman_2006
P0AEF0|D|Arifuzzaman_2006
P37313|D|Arifuzzaman_2006
P77202|D|Arifuzzaman_2006
P15047|D|Arifuzzaman_2006
P19925|D|Arifuzzaman_2006
P19636|D|Arifuzzaman_2006
P77277|D|Arifuzzaman_2006
P76556|D|Arifuzzaman_2006
P07658|D|Arifuzzaman_2006
Q47208|D|Arifuzzaman_2006
P0AEL6|D|Arifuzzaman_2006
P23878|D|Arifuzzaman_2006
P60566|D|Arifuzzaman_2006
P31574|D|Arifuzzaman_2006
P0AEM0|D|Arifuzzaman_2006
P0AEM0|D|Arifuzzaman_2006
P75938|D|Arifuzzaman_2006
P0AEM4|D|Arifuzzaman_2006
P0A8S9|D|Arifuzzaman_2006
P04949|D|Arifuzzaman_2006
P31068|D|Arifuzzaman_2006
P52613|D|Arifuzzaman_2006
P52614|D|Arifuzzaman_2006
P77609|D|Arifuzzaman_2006
P08192|D|Arifuzzaman_2006
P24186|D|Arifuzzaman_2006
P0AC00|D|Arifuzzaman_2006
P0ACP1|D|Arifuzzaman_2006
P05042|D|Arifuzzaman_2006
P69908|D|Arifuzzaman_2006
P0A9C3|D|Arifuzzaman_2006
P0A9S3|D|Arifuzzaman_2006
P0AC55|D|Arifuzzaman_2006
P10346|D|Arifuzzaman_2006
P13035|D|Arifuzzaman_2006
P37902|D|Arifuzzaman_2006
P0AAG3|D|Arifuzzaman_2006
P09372|D|Arifuzzaman_2006
P68688|D|Arifuzzaman_2006
P0ABW0|D|Arifuzzaman_2006
P15038|D|Arifuzzaman_2006
P06983|D|Arifuzzaman_2006
P10371|D|Arifuzzaman_2006
P36645|D|Arifuzzaman_2006
P0ABS8|D|Arifuzzaman_2006
P37024|D|Arifuzzaman_2006
P0ACG8|D|Arifuzzaman_2006
P0ACF0|D|Arifuzzaman_2006
P0ACF4|D|Arifuzzaman_2006
P19932|D|Arifuzzaman_2006
P71229|D|Arifuzzaman_2006
P0A6X7|D|Arifuzzaman_2006
P00956|D|Arifuzzaman_2006
P39347|D|Arifuzzaman_2006
P62623|D|Arifuzzaman_2006
P07464|D|Arifuzzaman_2006
P33229|D|Arifuzzaman_2006
P09151|D|Arifuzzaman_2006
P0A6A6|D|Arifuzzaman_2006
P30126|D|Arifuzzaman_2006
P60716|D|Arifuzzaman_2006
P10441|D|Arifuzzaman_2006
P77791|D|Arifuzzaman_2006
P21517|D|Arifuzzaman_2006
Q47154|D|Arifuzzaman_2006
P17109|D|Arifuzzaman_2006
P38051|D|Arifuzzaman_2006
P30750|D|Arifuzzaman_2006
P28635|D|Arifuzzaman_2006
P77580|D|Arifuzzaman_2006
P0AEZ7|D|Arifuzzaman_2006
Q47690|D|Arifuzzaman_2006
P0ACV6|D|Arifuzzaman_2006
P22188|D|Arifuzzaman_2006
P30011|D|Arifuzzaman_2006
P0A759|D|Arifuzzaman_2006
P0A9I5|D|Arifuzzaman_2006
P27896|D|Arifuzzaman_2006
P31600|D|Arifuzzaman_2006
P17117|D|Arifuzzaman_2006
P33593|D|Arifuzzaman_2006
P33594|D|Arifuzzaman_2006
P04846|D|Arifuzzaman_2006
P0AC65|D|Arifuzzaman_2006
P0AB83|D|Arifuzzaman_2006
P0AFD1|D|Arifuzzaman_2006
P76078|D|Arifuzzaman_2006
P05459|D|Arifuzzaman_2006
P40191|D|Arifuzzaman_2006
P0AF12|D|Arifuzzaman_2006
P08312|D|Arifuzzaman_2006
P00634|D|Arifuzzaman_2006
P31134|D|Arifuzzaman_2006
P23869|D|Arifuzzaman_2006
P31828|D|Arifuzzaman_2006
P0A7I0|D|Arifuzzaman_2006
P07013|D|Arifuzzaman_2006
P77495|D|Arifuzzaman_2006
P08839|D|Arifuzzaman_2006
P15254|D|Arifuzzaman_2006
P09546|D|Arifuzzaman_2006
P0AD61|D|Arifuzzaman_2006
P0A7F9|D|Arifuzzaman_2006
P76062|D|Arifuzzaman_2006
P02925|D|Arifuzzaman_2006
P69411|D|Arifuzzaman_2006
P04993|D|Arifuzzaman_2006
P0C079|D|Arifuzzaman_2006
P0AFW0|D|Arifuzzaman_2006
P27836|D|Arifuzzaman_2006
P16918|D|Arifuzzaman_2006
P24211|D|Arifuzzaman_2006
P0A7Y8|D|Arifuzzaman_2006
P60422|D|Arifuzzaman_2006
P60438|D|Arifuzzaman_2006
P0A7R1|D|Arifuzzaman_2006
P0A7J3|D|Arifuzzaman_2006
P0A7J7|D|Arifuzzaman_2006
P68919|D|Arifuzzaman_2006
P0A7N9|D|Arifuzzaman_2006
P0A8T7|D|Arifuzzaman_2006
P0AGB3|D|Arifuzzaman_2006
P0A800|D|Arifuzzaman_2006
P02358|D|Arifuzzaman_2006
P0A7T3|D|Arifuzzaman_2006
P38035|D|Arifuzzaman_2006
P0A812|D|Arifuzzaman_2006
P46853|D|Arifuzzaman_2006
P0AG78|D|Arifuzzaman_2006
P07026|D|Arifuzzaman_2006
P26616|D|Arifuzzaman_2006
P37680|D|Arifuzzaman_2006
P39366|D|Arifuzzaman_2006
P0A828|D|Arifuzzaman_2006
P0A7F6|D|Arifuzzaman_2006
P0AAI1|D|Arifuzzaman_2006
P0ABZ6|D|Arifuzzaman_2006
P31550|D|Arifuzzaman_2006
P0AGL2|D|Arifuzzaman_2006
P0AGG2|D|Arifuzzaman_2006
P77326|D|Arifuzzaman_2006
O32583|D|Arifuzzaman_2006
P0AGG8|D|Arifuzzaman_2006
P62601|D|Arifuzzaman_2006
P36673|D|Arifuzzaman_2006
P00895|D|Arifuzzaman_2006
P0A6A0|D|Arifuzzaman_2006
P17993|D|Arifuzzaman_2006
P25534|D|Arifuzzaman_2006
P0AG80|D|Arifuzzaman_2006
P69822|D|Arifuzzaman_2006
P07024|D|Arifuzzaman_2006
P37903|D|Arifuzzaman_2006
P39177|D|Arifuzzaman_2006
P39177|D|Arifuzzaman_2006
P0A698|D|Arifuzzaman_2006
P0A8G3|D|Arifuzzaman_2006
P09184|D|Arifuzzaman_2006
P71244|D|Arifuzzaman_2006
P37388|D|Arifuzzaman_2006
P0A8H8|D|Arifuzzaman_2006
P27305|D|Arifuzzaman_2006
P31665|D|Arifuzzaman_2006
P75676|D|Arifuzzaman_2006
P75682|D|Arifuzzaman_2006
P77169|D|Arifuzzaman_2006
P77657|D|Arifuzzaman_2006
P77607|D|Arifuzzaman_2006
P71296|D|Arifuzzaman_2006
P75684|D|Arifuzzaman_2006
P77183|D|Arifuzzaman_2006
P77489|D|Arifuzzaman_2006
P77324|D|Arifuzzaman_2006
P77188|D|Arifuzzaman_2006
P77297|D|Arifuzzaman_2006
P77187|D|Arifuzzaman_2006
P77554|D|Arifuzzaman_2006
P0AAQ2|D|Arifuzzaman_2006
P46890|D|Arifuzzaman_2006
P0AAR3|D|Arifuzzaman_2006
P77301|D|Arifuzzaman_2006
P77756|D|Arifuzzaman_2006
P0AFP2|D|Arifuzzaman_2006
P0A9T8|D|Arifuzzaman_2006
P77395|D|Arifuzzaman_2006
P37306|D|Arifuzzaman_2006
P0AAS7|D|Arifuzzaman_2006
P45579|D|Arifuzzaman_2006
P77316|D|Arifuzzaman_2006
P75741|D|Arifuzzaman_2006
P75746|D|Arifuzzaman_2006
P75749|D|Arifuzzaman_2006
P75750|D|Arifuzzaman_2006
P12994|D|Arifuzzaman_2006
P30176|D|Arifuzzaman_2006
P0ACU0|D|Arifuzzaman_2006
P75782|D|Arifuzzaman_2006
P0AAX8|D|Arifuzzaman_2006
P75811|D|Arifuzzaman_2006
P75874|D|Arifuzzaman_2006
P31545|D|Arifuzzaman_2006
P0AFQ5|D|Arifuzzaman_2006
P75898|D|Arifuzzaman_2006
P0AB24|D|Arifuzzaman_2006
P75906|D|Arifuzzaman_2006
P24188|D|Arifuzzaman_2006
P0AB33|D|Arifuzzaman_2006
P76002|D|Arifuzzaman_2006
P0AB43|D|Arifuzzaman_2006
P76010|D|Arifuzzaman_2006
P75991|D|Arifuzzaman_2006
P75991|D|Arifuzzaman_2006
P30192|D|Arifuzzaman_2006
P08245|D|Arifuzzaman_2006
P76035|D|Arifuzzaman_2006
P76066|D|Arifuzzaman_2006
P76069|D|Arifuzzaman_2006
P76100|D|Arifuzzaman_2006
P77286|D|Arifuzzaman_2006
P76165|D|Arifuzzaman_2006
P28224|D|Arifuzzaman_2006
P77552|D|Arifuzzaman_2006
P64479|D|Arifuzzaman_2006
P0ACY1|D|Arifuzzaman_2006
P77721|D|Arifuzzaman_2006
P77280|D|Arifuzzaman_2006
P76213|D|Arifuzzaman_2006
P76241|D|Arifuzzaman_2006
P76270|D|Arifuzzaman_2006
P0AA31|D|Arifuzzaman_2006
P76342|D|Arifuzzaman_2006
P0A8A2|D|Arifuzzaman_2006
P64524|D|Arifuzzaman_2006
P76402|D|Arifuzzaman_2006
P76402|D|Arifuzzaman_2006
P33916|D|Arifuzzaman_2006
P65556|D|Arifuzzaman_2006
P0A7B3|D|Arifuzzaman_2006
P52119|D|Arifuzzaman_2006
Q46896|D|Arifuzzaman_2006
Q46906|D|Arifuzzaman_2006
Q46796|D|Arifuzzaman_2006
P64572|D|Arifuzzaman_2006
Q46845|D|Arifuzzaman_2006
Q46861|D|Arifuzzaman_2006
P42626|D|Arifuzzaman_2006
P26646|D|Arifuzzaman_2006
P36677|D|Arifuzzaman_2006
P45552|D|Arifuzzaman_2006
P68567|D|Arifuzzaman_2006
P0ADJ3|D|Arifuzzaman_2006
P0ADK6|D|Arifuzzaman_2006
P32109|D|Arifuzzaman_2006
P0A8Y5|D|Arifuzzaman_2006
P31443|D|Arifuzzaman_2006
P31475|D|Arifuzzaman_2006
P0A6P7|D|Arifuzzaman_2006
P0A6P7|D|Arifuzzaman_2006
P0AFU6|D|Arifuzzaman_2006
P32157|D|Arifuzzaman_2006
P32704|D|Arifuzzaman_2006
P0DM85|D|Arifuzzaman_2006
P0AF82|D|Arifuzzaman_2006
P77601|D|Arifuzzaman_2006
P77212|D|Arifuzzaman_2006
P56257|D|Arifuzzaman_2006
P0AAS0|D|Arifuzzaman_2006
P77759|D|Arifuzzaman_2006
P75796|D|Arifuzzaman_2006
P0AEI4|D|Arifuzzaman_2006
P76068|D|Arifuzzaman_2006
P76149|D|Arifuzzaman_2006
P76909|D|Arifuzzaman_2006
Q46868|D|Arifuzzaman_2006
P45465|D|Arifuzzaman_2006
P45469|D|Arifuzzaman_2006
P0ADV7|D|Arifuzzaman_2006
P45748|D|Arifuzzaman_2006
P0ACN2|D|Arifuzzaman_2006
P0AC53|D|Arifuzzaman_2006
P0AAS9|D|Arifuzzaman_2006
P33347|D|Arifuzzaman_2006
P76472|G|Arifuzzaman_2006
P31119|G|Arifuzzaman_2006
P0A8P1|G|Arifuzzaman_2006
P76052|G|Arifuzzaman_2006
P77744|G|Arifuzzaman_2006
P0ABD5|G|Arifuzzaman_2006
P0AFG8|G|Arifuzzaman_2006
P11071|G|Arifuzzaman_2006
P36683|G|Arifuzzaman_2006
P24224|G|Arifuzzaman_2006
P28629|G|Arifuzzaman_2006
P33234|G|Arifuzzaman_2006
P50466|G|Arifuzzaman_2006
P23872|G|Arifuzzaman_2006
P37009|G|Arifuzzaman_2006
P42912|G|Arifuzzaman_2006
P05050|G|Arifuzzaman_2006
P77555|G|Arifuzzaman_2006
P0ACR0|G|Arifuzzaman_2006
P32721|G|Arifuzzaman_2006
P0AE12|G|Arifuzzaman_2006
P0AD70|G|Arifuzzaman_2006
P0A9E0|G|Arifuzzaman_2006
P0A6C5|G|Arifuzzaman_2006
P27254|G|Arifuzzaman_2006
P07639|G|Arifuzzaman_2006
P00887|G|Arifuzzaman_2006
P23325|G|Arifuzzaman_2006
P0AAF6|G|Arifuzzaman_2006
P24240|G|Arifuzzaman_2006
P25550|G|Arifuzzaman_2006
P0AE37|G|Arifuzzaman_2006
P76216|G|Arifuzzaman_2006
P77581|G|Arifuzzaman_2006
P76217|G|Arifuzzaman_2006
P76215|G|Arifuzzaman_2006
P76458|G|Arifuzzaman_2006
P17444|G|Arifuzzaman_2006
P11988|G|Arifuzzaman_2006
P39404|G|Arifuzzaman_2006
P12995|G|Arifuzzaman_2006
P12999|G|Arifuzzaman_2006
P13000|G|Arifuzzaman_2006
P12998|G|Arifuzzaman_2006
P13001|G|Arifuzzaman_2006
P20099|G|Arifuzzaman_2006
P06611|G|Arifuzzaman_2006
P06610|G|Arifuzzaman_2006
P0A9H3|G|Arifuzzaman_2006
P31551|G|Arifuzzaman_2006
P39206|G|Arifuzzaman_2006
P61517|G|Arifuzzaman_2006
P00968|G|Arifuzzaman_2006
P36659|G|Arifuzzaman_2006
P31456|G|Arifuzzaman_2006
P37047|G|Arifuzzaman_2006
P37794|G|Arifuzzaman_2006
P17410|G|Arifuzzaman_2006
P07364|G|Arifuzzaman_2006
P77510|G|Arifuzzaman_2006
P77390|G|Arifuzzaman_2006
P0A6G5|G|Arifuzzaman_2006
P0A6G7|G|Arifuzzaman_2006
P69826|G|Arifuzzaman_2006
P0A6I3|G|Arifuzzaman_2006
P52086|G|Arifuzzaman_2006
P36562|G|Arifuzzaman_2006
P46891|G|Arifuzzaman_2006
Q59385|G|Arifuzzaman_2006
P0AEW4|G|Arifuzzaman_2006
Q46925|G|Arifuzzaman_2006
P54901|G|Arifuzzaman_2006
P0ACZ8|G|Arifuzzaman_2006
P77485|G|Arifuzzaman_2006
P0ABJ1|G|Arifuzzaman_2006
P16676|G|Arifuzzaman_2006
P21156|G|Arifuzzaman_2006
P17854|G|Arifuzzaman_2006
P29012|G|Arifuzzaman_2006
P0AEE8|G|Arifuzzaman_2006
P0AED7|G|Arifuzzaman_2006
P21693|G|Arifuzzaman_2006
P28248|G|Arifuzzaman_2006
P0AED9|G|Arifuzzaman_2006
P0ACV2|G|Arifuzzaman_2006
P77268|G|Arifuzzaman_2006
P77622|G|Arifuzzaman_2006
P31459|G|Arifuzzaman_2006
P15723|G|Arifuzzaman_2006
P76016|G|Arifuzzaman_2006
P77359|G|Arifuzzaman_2006
P06149|G|Arifuzzaman_2006
P18775|G|Arifuzzaman_2006
P03004|G|Arifuzzaman_2006
P0A988|G|Arifuzzaman_2006
P37313|G|Arifuzzaman_2006
P46068|G|Arifuzzaman_2006
P0ABT5|G|Arifuzzaman_2006
P33371|G|Arifuzzaman_2006
P45568|G|Arifuzzaman_2006
P0AC73|G|Arifuzzaman_2006
P0A955|G|Arifuzzaman_2006
P77257|G|Arifuzzaman_2006
P0ADI4|G|Arifuzzaman_2006
P0AEJ2|G|Arifuzzaman_2006
P19925|G|Arifuzzaman_2006
P11454|G|Arifuzzaman_2006
P10805|G|Arifuzzaman_2006
P0A9B6|G|Arifuzzaman_2006
P0AEJ6|G|Arifuzzaman_2006
P76553|G|Arifuzzaman_2006
P21151|G|Arifuzzaman_2006
P69451|G|Arifuzzaman_2006
P32055|G|Arifuzzaman_2006
P32177|G|Arifuzzaman_2006
P07658|G|Arifuzzaman_2006
P0AAJ3|G|Arifuzzaman_2006
Q47129|G|Arifuzzaman_2006
P15031|G|Arifuzzaman_2006
P23485|G|Arifuzzaman_2006
P0AEL6|G|Arifuzzaman_2006
P23878|G|Arifuzzaman_2006
P13039|G|Arifuzzaman_2006
P19323|G|Arifuzzaman_2006
P0AEL8|G|Arifuzzaman_2006
P31574|G|Arifuzzaman_2006
P68644|G|Arifuzzaman_2006
P31068|G|Arifuzzaman_2006
P52612|G|Arifuzzaman_2006
P06974|G|Arifuzzaman_2006
P52627|G|Arifuzzaman_2006
P24186|G|Arifuzzaman_2006
P26281|G|Arifuzzaman_2006
P0AC00|G|Arifuzzaman_2006
P45543|G|Arifuzzaman_2006
P04335|G|Arifuzzaman_2006
P0ACP1|G|Arifuzzaman_2006
P32152|G|Arifuzzaman_2006
P0A9R7|G|Arifuzzaman_2006
P11553|G|Arifuzzaman_2006
P25526|G|Arifuzzaman_2006
P69908|G|Arifuzzaman_2006
P69910|G|Arifuzzaman_2006
P63201|G|Arifuzzaman_2006
P37639|G|Arifuzzaman_2006
P0AAB6|G|Arifuzzaman_2006
P25748|G|Arifuzzaman_2006
P0A9S3|G|Arifuzzaman_2006
P0C8J8|G|Arifuzzaman_2006
P15877|G|Arifuzzaman_2006
P0A9F6|G|Arifuzzaman_2006
P0ACL5|G|Arifuzzaman_2006
P37747|G|Arifuzzaman_2006
P0A6U8|G|Arifuzzaman_2006
P07762|G|Arifuzzaman_2006
P15067|G|Arifuzzaman_2006
P27249|G|Arifuzzaman_2006
P0A9C0|G|Arifuzzaman_2006
P0A996|G|Arifuzzaman_2006
P13035|G|Arifuzzaman_2006
P0ABH7|G|Arifuzzaman_2006
P31450|G|Arifuzzaman_2006
P0AC88|G|Arifuzzaman_2006
P77334|G|Arifuzzaman_2006
P0ACP5|G|Arifuzzaman_2006
P46846|G|Arifuzzaman_2006
P45756|G|Arifuzzaman_2006
P76641|G|Arifuzzaman_2006
P0AES2|G|Arifuzzaman_2006
Q46915|G|Arifuzzaman_2006
P0CI31|G|Arifuzzaman_2006
P77650|G|Arifuzzaman_2006
P0ABR5|G|Arifuzzaman_2006
Q47141|G|Arifuzzaman_2006
P0AET8|G|Arifuzzaman_2006
P15038|G|Arifuzzaman_2006
P06983|G|Arifuzzaman_2006
P09126|G|Arifuzzaman_2006
P0ACB4|G|Arifuzzaman_2006
P06986|G|Arifuzzaman_2006
P60595|G|Arifuzzaman_2006
P07109|G|Arifuzzaman_2006
P24232|G|Arifuzzaman_2006
P36645|G|Arifuzzaman_2006
P28630|G|Arifuzzaman_2006
P0A9M2|G|Arifuzzaman_2006
P33129|G|Arifuzzaman_2006
P25666|G|Arifuzzaman_2006
P0AAJ8|G|Arifuzzaman_2006
P0AAN1|G|Arifuzzaman_2006
P16431|G|Arifuzzaman_2006
P16433|G|Arifuzzaman_2006
P0AAK4|G|Arifuzzaman_2006
P77329|G|Arifuzzaman_2006
P77668|G|Arifuzzaman_2006
P71229|G|Arifuzzaman_2006
P24192|G|Arifuzzaman_2006
Q46806|G|Arifuzzaman_2006
P39343|G|Arifuzzaman_2006
P27294|G|Arifuzzaman_2006
P39347|G|Arifuzzaman_2006
P76168|G|Arifuzzaman_2006
P21179|G|Arifuzzaman_2006
P0AB77|G|Arifuzzaman_2006
P0A715|G|Arifuzzaman_2006
Q46938|G|Arifuzzaman_2006
P0A754|G|Arifuzzaman_2006
P0A756|G|Arifuzzaman_2006
P38393|G|Arifuzzaman_2006
P06992|G|Arifuzzaman_2006
P76008|G|Arifuzzaman_2006
P52095|G|Arifuzzaman_2006
P10151|G|Arifuzzaman_2006
P07813|G|Arifuzzaman_2006
P37025|G|Arifuzzaman_2006
P60716|G|Arifuzzaman_2006
P22731|G|Arifuzzaman_2006
P0A9S7|G|Arifuzzaman_2006
P33232|G|Arifuzzaman_2006
P10441|G|Arifuzzaman_2006
P0A725|G|Arifuzzaman_2006
P43341|G|Arifuzzaman_2006
P0ACV0|G|Arifuzzaman_2006
P24205|G|Arifuzzaman_2006
P76143|G|Arifuzzaman_2006
P23917|G|Arifuzzaman_2006
P18811|G|Arifuzzaman_2006
P21517|G|Arifuzzaman_2006
P15005|G|Arifuzzaman_2006
P15006|G|Arifuzzaman_2006
P0AEY5|G|Arifuzzaman_2006
P0ACH8|G|Arifuzzaman_2006
P17109|G|Arifuzzaman_2006
P38051|G|Arifuzzaman_2006
P07623|G|Arifuzzaman_2006
P06721|G|Arifuzzaman_2006
P0AEZ1|G|Arifuzzaman_2006
P0A817|G|Arifuzzaman_2006
P0AAG8|G|Arifuzzaman_2006
P0ABR9|G|Arifuzzaman_2006
P77044|G|Arifuzzaman_2006
P51020|G|Arifuzzaman_2006
P16384|G|Arifuzzaman_2006
P0AEI1|G|Arifuzzaman_2006
P33358|G|Arifuzzaman_2006
P54746|G|Arifuzzaman_2006
P30745|G|Arifuzzaman_2006
P09833|G|Arifuzzaman_2006
P31060|G|Arifuzzaman_2006
P0ACV6|G|Arifuzzaman_2006
P22186|G|Arifuzzaman_2006
P00550|G|Arifuzzaman_2006
P22634|G|Arifuzzaman_2006
P17802|G|Arifuzzaman_2006
P0A752|G|Arifuzzaman_2006
P0AF20|G|Arifuzzaman_2006
P0AF24|G|Arifuzzaman_2006
P27896|G|Arifuzzaman_2006
P19319|G|Arifuzzaman_2006
P50465|G|Arifuzzaman_2006
P68739|G|Arifuzzaman_2006
P31600|G|Arifuzzaman_2006
P0A9G2|G|Arifuzzaman_2006
P77567|G|Arifuzzaman_2006
P33594|G|Arifuzzaman_2006
P39452|G|Arifuzzaman_2006
P0A9N8|G|Arifuzzaman_2006
P0AAK7|G|Arifuzzaman_2006
P32664|G|Arifuzzaman_2006
P0A776|G|Arifuzzaman_2006
P0AFC7|G|Arifuzzaman_2006
P33599|G|Arifuzzaman_2006
P31979|G|Arifuzzaman_2006
P76773|G|Arifuzzaman_2006
P77737|G|Arifuzzaman_2006
P37906|G|Arifuzzaman_2006
P76086|G|Arifuzzaman_2006
P00903|G|Arifuzzaman_2006
P0A9J4|G|Arifuzzaman_2006
P76577|G|Arifuzzaman_2006
P0AFI5|G|Arifuzzaman_2006
P0ABF1|G|Arifuzzaman_2006
P0ACL9|G|Arifuzzaman_2006
Q57083|G|Arifuzzaman_2006
P32675|G|Arifuzzaman_2006
P08312|G|Arifuzzaman_2006
P16677|G|Arifuzzaman_2006
P16679|G|Arifuzzaman_2006
P16690|G|Arifuzzaman_2006
P45548|G|Arifuzzaman_2006
P00914|G|Arifuzzaman_2006
P07000|G|Arifuzzaman_2006
P0A7A7|G|Arifuzzaman_2006
P27247|G|Arifuzzaman_2006
P0AFK0|G|Arifuzzaman_2006
P18133|G|Arifuzzaman_2006
P69874|G|Arifuzzaman_2006
P31134|G|Arifuzzaman_2006
P0A8N7|G|Arifuzzaman_2006
P08371|G|Arifuzzaman_2006
P55798|G|Arifuzzaman_2006
P55799|G|Arifuzzaman_2006
P0A7B1|G|Arifuzzaman_2006
P0A7I0|G|Arifuzzaman_2006
P0AEX5|G|Arifuzzaman_2006
P39199|G|Arifuzzaman_2006
P16659|G|Arifuzzaman_2006
P77541|G|Arifuzzaman_2006
P77243|G|Arifuzzaman_2006
P77495|G|Arifuzzaman_2006
P77743|G|Arifuzzaman_2006
P0A717|G|Arifuzzaman_2006
P0AAH0|G|Arifuzzaman_2006
P24555|G|Arifuzzaman_2006
P37177|G|Arifuzzaman_2006
P0A7D7|G|Arifuzzaman_2006
P37051|G|Arifuzzaman_2006
P09546|G|Arifuzzaman_2006
P0A7E1|G|Arifuzzaman_2006
P28304|G|Arifuzzaman_2006
P24554|G|Arifuzzaman_2006
P37624|G|Arifuzzaman_2006
P0ACQ0|G|Arifuzzaman_2006
P0DMC9|G|Arifuzzaman_2006
P08394|G|Arifuzzaman_2006
P04993|G|Arifuzzaman_2006
P0A7H0|G|Arifuzzaman_2006
P67910|G|Arifuzzaman_2006
P37692|G|Arifuzzaman_2006
P25740|G|Arifuzzaman_2006
P27128|G|Arifuzzaman_2006
P27129|G|Arifuzzaman_2006
P27242|G|Arifuzzaman_2006
P25741|G|Arifuzzaman_2006
P25742|G|Arifuzzaman_2006
P27240|G|Arifuzzaman_2006
P27241|G|Arifuzzaman_2006
P37744|G|Arifuzzaman_2006
P37745|G|Arifuzzaman_2006
P37760|G|Arifuzzaman_2006
P27833|G|Arifuzzaman_2006
P27832|G|Arifuzzaman_2006
P61887|G|Arifuzzaman_2006
P32171|G|Arifuzzaman_2006
P09378|G|Arifuzzaman_2006
P09377|G|Arifuzzaman_2006
P16918|G|Arifuzzaman_2006
P16919|G|Arifuzzaman_2006
P24211|G|Arifuzzaman_2006
P25539|G|Arifuzzaman_2006
P0AG40|G|Arifuzzaman_2006
P0A948|G|Arifuzzaman_2006
P33643|G|Arifuzzaman_2006
P09155|G|Arifuzzaman_2006
P0ACS7|G|Arifuzzaman_2006
P36999|G|Arifuzzaman_2006
P0C0R7|G|Arifuzzaman_2006
P38104|G|Arifuzzaman_2006
P0AFR0|G|Arifuzzaman_2006
P52108|G|Arifuzzaman_2006
P46850|G|Arifuzzaman_2006
P38035|G|Arifuzzaman_2006
P75817|G|Arifuzzaman_2006
P0A812|G|Arifuzzaman_2006
P0A814|G|Arifuzzaman_2006
P0AAH4|G|Arifuzzaman_2006
P04995|G|Arifuzzaman_2006
P07014|G|Arifuzzaman_2006
P07026|G|Arifuzzaman_2006
P23721|G|Arifuzzaman_2006
P0A8L1|G|Arifuzzaman_2006
P37678|G|Arifuzzaman_2006
P37679|G|Arifuzzaman_2006
P39362|G|Arifuzzaman_2006
P39364|G|Arifuzzaman_2006
P39361|G|Arifuzzaman_2006
P30852|G|Arifuzzaman_2006
P36566|G|Arifuzzaman_2006
P21169|G|Arifuzzaman_2006
P09158|G|Arifuzzaman_2006
P08395|G|Arifuzzaman_2006
P0AFV4|G|Arifuzzaman_2006
P05707|G|Arifuzzaman_2006
Q46812|G|Arifuzzaman_2006
P0AAI1|G|Arifuzzaman_2006
P80644|G|Arifuzzaman_2006
P0AFG3|G|Arifuzzaman_2006
P77499|G|Arifuzzaman_2006
P26648|G|Arifuzzaman_2006
P77444|G|Arifuzzaman_2006
P68398|G|Arifuzzaman_2006
P0A9T4|G|Arifuzzaman_2006
Q47538|G|Arifuzzaman_2006
P31550|G|Arifuzzaman_2006
P0ACQ7|G|Arifuzzaman_2006
P07913|G|Arifuzzaman_2006
P25397|G|Arifuzzaman_2006
P0A847|G|Arifuzzaman_2006
P76422|G|Arifuzzaman_2006
P30137|G|Arifuzzaman_2006
P30138|G|Arifuzzaman_2006
P30139|G|Arifuzzaman_2006
P30140|G|Arifuzzaman_2006
P0AGG0|G|Arifuzzaman_2006
P76423|G|Arifuzzaman_2006
P31548|G|Arifuzzaman_2006
P00547|G|Arifuzzaman_2006
P33225|G|Arifuzzaman_2006
P46923|G|Arifuzzaman_2006
P62601|G|Arifuzzaman_2006
P0AGI8|G|Arifuzzaman_2006
P00909|G|Arifuzzaman_2006
P00895|G|Arifuzzaman_2006
P0AC35|G|Arifuzzaman_2006
P16525|G|Arifuzzaman_2006
P04693|G|Arifuzzaman_2006
P0A6A0|G|Arifuzzaman_2006
P26602|G|Arifuzzaman_2006
P0A887|G|Arifuzzaman_2006
P75728|G|Arifuzzaman_2006
P17993|G|Arifuzzaman_2006
P25534|G|Arifuzzaman_2006
P0AG03|G|Arifuzzaman_2006
P76373|G|Arifuzzaman_2006
P39305|G|Arifuzzaman_2006
P39300|G|Arifuzzaman_2006
P0A9W0|G|Arifuzzaman_2006
P12295|G|Arifuzzaman_2006
P39177|G|Arifuzzaman_2006
P0A8G3|G|Arifuzzaman_2006
P76506|G|Arifuzzaman_2006
P37749|G|Arifuzzaman_2006
P37751|G|Arifuzzaman_2006
P77414|G|Arifuzzaman_2006
P71237|G|Arifuzzaman_2006
P71244|G|Arifuzzaman_2006
P45563|G|Arifuzzaman_2006
P23841|G|Arifuzzaman_2006
Q46799|G|Arifuzzaman_2006
P09030|G|Arifuzzaman_2006
P0A8I3|G|Arifuzzaman_2006
P33595|G|Arifuzzaman_2006
P27305|G|Arifuzzaman_2006
P36879|G|Arifuzzaman_2006
P28634|G|Arifuzzaman_2006
P0AA97|G|Arifuzzaman_2006
P52096|G|Arifuzzaman_2006
P0A8U2|G|Arifuzzaman_2006
Q47147|G|Arifuzzaman_2006
Q47151|G|Arifuzzaman_2006
Q47152|G|Arifuzzaman_2006
Q47158|G|Arifuzzaman_2006
Q47679|G|Arifuzzaman_2006
P77206|G|Arifuzzaman_2006
P37007|G|Arifuzzaman_2006
P37008|G|Arifuzzaman_2006
P75682|G|Arifuzzaman_2006
P77657|G|Arifuzzaman_2006
P71296|G|Arifuzzaman_2006
P75684|G|Arifuzzaman_2006
P77183|G|Arifuzzaman_2006
P77324|G|Arifuzzaman_2006
P77165|G|Arifuzzaman_2006
P77694|G|Arifuzzaman_2006
P77188|G|Arifuzzaman_2006
P77700|G|Arifuzzaman_2006
P77297|G|Arifuzzaman_2006
P77221|G|Arifuzzaman_2006
P77624|G|Arifuzzaman_2006
P77393|G|Arifuzzaman_2006
P51025|G|Arifuzzaman_2006
P0AAP5|G|Arifuzzaman_2006
P21515|G|Arifuzzaman_2006
P0AAQ2|G|Arifuzzaman_2006
Q46948|G|Arifuzzaman_2006
P77735|G|Arifuzzaman_2006
P77301|G|Arifuzzaman_2006
P33667|G|Arifuzzaman_2006
P33668|G|Arifuzzaman_2006
P77279|G|Arifuzzaman_2006
P0AFP4|G|Arifuzzaman_2006
P37325|G|Arifuzzaman_2006
P77634|G|Arifuzzaman_2006
P0AAT2|G|Arifuzzaman_2006
P0AAT4|G|Arifuzzaman_2006
P45579|G|Arifuzzaman_2006
P77213|G|Arifuzzaman_2006
P77806|G|Arifuzzaman_2006
P77216|G|Arifuzzaman_2006
P77746|G|Arifuzzaman_2006
P77316|G|Arifuzzaman_2006
P0A8I8|G|Arifuzzaman_2006
P30979|G|Arifuzzaman_2006
P0AAT9|G|Arifuzzaman_2006
P77234|G|Arifuzzaman_2006
P77627|G|Arifuzzaman_2006
P75736|G|Arifuzzaman_2006
P75741|G|Arifuzzaman_2006
P77779|G|Arifuzzaman_2006
P24252|G|Arifuzzaman_2006
P0AAV4|G|Arifuzzaman_2006
P75745|G|Arifuzzaman_2006
P75746|G|Arifuzzaman_2006
P75749|G|Arifuzzaman_2006
P75750|G|Arifuzzaman_2006
P21829|G|Arifuzzaman_2006
P12994|G|Arifuzzaman_2006
P52696|G|Arifuzzaman_2006
P0A9U1|G|Arifuzzaman_2006
P75764|G|Arifuzzaman_2006
P75767|G|Arifuzzaman_2006
P0AA84|G|Arifuzzaman_2006
P0AAW1|G|Arifuzzaman_2006
P75785|G|Arifuzzaman_2006
P75791|G|Arifuzzaman_2006
P75821|G|Arifuzzaman_2006
P75822|G|Arifuzzaman_2006
P75829|G|Arifuzzaman_2006
P75843|G|Arifuzzaman_2006
P0AB03|G|Arifuzzaman_2006
P0AB06|G|Arifuzzaman_2006
P75876|G|Arifuzzaman_2006
P0AB65|G|Arifuzzaman_2006
P31545|G|Arifuzzaman_2006
P75913|G|Arifuzzaman_2006
P24188|G|Arifuzzaman_2006
P0AFQ7|G|Arifuzzaman_2006
P75948|G|Arifuzzaman_2006
P29013|G|Arifuzzaman_2006
P76010|G|Arifuzzaman_2006
P30192|G|Arifuzzaman_2006
P37052|G|Arifuzzaman_2006
P39165|G|Arifuzzaman_2006
P76034|G|Arifuzzaman_2006
P76035|G|Arifuzzaman_2006
P76041|G|Arifuzzaman_2006
P77503|G|Arifuzzaman_2006
P76046|G|Arifuzzaman_2006
P77302|G|Arifuzzaman_2006
P76055|G|Arifuzzaman_2006
P77546|G|Arifuzzaman_2006
P31992|G|Arifuzzaman_2006
P76104|G|Arifuzzaman_2006
P77730|G|Arifuzzaman_2006
P76108|G|Arifuzzaman_2006
P76121|G|Arifuzzaman_2006
P31129|G|Arifuzzaman_2006
P76134|G|Arifuzzaman_2006
P76137|G|Arifuzzaman_2006
P77286|G|Arifuzzaman_2006
P77432|G|Arifuzzaman_2006
P76141|G|Arifuzzaman_2006
P39831|G|Arifuzzaman_2006
P0ACM2|G|Arifuzzaman_2006
P76156|G|Arifuzzaman_2006
P77376|G|Arifuzzaman_2006
P0ACR2|G|Arifuzzaman_2006
P77570|G|Arifuzzaman_2006
P0A8A4|G|Arifuzzaman_2006
P38135|G|Arifuzzaman_2006
P37766|G|Arifuzzaman_2006
P77649|G|Arifuzzaman_2006
P76204|G|Arifuzzaman_2006
P77256|G|Arifuzzaman_2006
P77280|G|Arifuzzaman_2006
P76213|G|Arifuzzaman_2006
P43337|G|Arifuzzaman_2006
P76234|G|Arifuzzaman_2006
P64483|G|Arifuzzaman_2006
P76241|G|Arifuzzaman_2006
P76250|G|Arifuzzaman_2006
P76251|G|Arifuzzaman_2006
P76270|G|Arifuzzaman_2006
P37774|G|Arifuzzaman_2006
P37348|G|Arifuzzaman_2006
P76318|G|Arifuzzaman_2006
P76319|G|Arifuzzaman_2006
P76340|G|Arifuzzaman_2006
P76342|G|Arifuzzaman_2006
P0AD12|G|Arifuzzaman_2006
P76396|G|Arifuzzaman_2006
P33348|G|Arifuzzaman_2006
P33352|G|Arifuzzaman_2006
P33353|G|Arifuzzaman_2006
P33360|G|Arifuzzaman_2006
P30235|G|Arifuzzaman_2006
P33020|G|Arifuzzaman_2006
P33025|G|Arifuzzaman_2006
P33913|G|Arifuzzaman_2006
P33919|G|Arifuzzaman_2006
P17994|G|Arifuzzaman_2006
P76463|G|Arifuzzaman_2006
P77215|G|Arifuzzaman_2006
P77732|G|Arifuzzaman_2006
P77690|G|Arifuzzaman_2006
P77398|G|Arifuzzaman_2006
P0A959|G|Arifuzzaman_2006
P77526|G|Arifuzzaman_2006
P77775|G|Arifuzzaman_2006
P77768|G|Arifuzzaman_2006
P76503|G|Arifuzzaman_2006
P76508|G|Arifuzzaman_2006
P76514|G|Arifuzzaman_2006
P77434|G|Arifuzzaman_2006
P36547|G|Arifuzzaman_2006
P76538|G|Arifuzzaman_2006
P36979|G|Arifuzzaman_2006
P77538|G|Arifuzzaman_2006
P31825|G|Arifuzzaman_2006
P33644|G|Arifuzzaman_2006
P0A7B3|G|Arifuzzaman_2006
P52129|G|Arifuzzaman_2006
P52132|G|Arifuzzaman_2006
P52133|G|Arifuzzaman_2006
P52139|G|Arifuzzaman_2006
P52140|G|Arifuzzaman_2006
P37338|G|Arifuzzaman_2006
P37339|G|Arifuzzaman_2006
P55734|G|Arifuzzaman_2006
P76621|G|Arifuzzaman_2006
P45956|G|Arifuzzaman_2006
Q46890|G|Arifuzzaman_2006
Q46891|G|Arifuzzaman_2006
Q46896|G|Arifuzzaman_2006
P38036|G|Arifuzzaman_2006
P55138|G|Arifuzzaman_2006
Q46897|G|Arifuzzaman_2006
Q46898|G|Arifuzzaman_2006
P76632|G|Arifuzzaman_2006
Q46901|G|Arifuzzaman_2006
Q46904|G|Arifuzzaman_2006
Q46905|G|Arifuzzaman_2006
Q46908|G|Arifuzzaman_2006
P0ADR6|G|Arifuzzaman_2006
P0ADR8|G|Arifuzzaman_2006
P03813|G|Arifuzzaman_2006
P76639|G|Arifuzzaman_2006
Q46802|G|Arifuzzaman_2006
P0AC28|G|Arifuzzaman_2006
P52043|G|Arifuzzaman_2006
P52044|G|Arifuzzaman_2006
Q46810|G|Arifuzzaman_2006
P0A8I5|G|Arifuzzaman_2006
P52052|G|Arifuzzaman_2006
P52062|G|Arifuzzaman_2006
P0CK95|G|Arifuzzaman_2006
Q46840|G|Arifuzzaman_2006
P64572|G|Arifuzzaman_2006
Q46844|G|Arifuzzaman_2006
Q46845|G|Arifuzzaman_2006
Q46851|G|Arifuzzaman_2006
P45463|G|Arifuzzaman_2006
Q46861|G|Arifuzzaman_2006
Q46865|G|Arifuzzaman_2006
P05852|G|Arifuzzaman_2006
P0A9H1|G|Arifuzzaman_2006
P42597|G|Arifuzzaman_2006
P42599|G|Arifuzzaman_2006
P45470|G|Arifuzzaman_2006
P45527|G|Arifuzzaman_2006
P0ADV5|G|Arifuzzaman_2006
P0ADW6|G|Arifuzzaman_2006
P64612|G|Arifuzzaman_2006
P28638|G|Arifuzzaman_2006
P45769|G|Arifuzzaman_2006
P45524|G|Arifuzzaman_2006
P45552|G|Arifuzzaman_2006
P37627|G|Arifuzzaman_2006
P37629|G|Arifuzzaman_2006
P37631|G|Arifuzzaman_2006
P37634|G|Arifuzzaman_2006
P37640|G|Arifuzzaman_2006
P37646|G|Arifuzzaman_2006
P37664|G|Arifuzzaman_2006
P11290|G|Arifuzzaman_2006
P32109|G|Arifuzzaman_2006
P31434|G|Arifuzzaman_2006
P25531|G|Arifuzzaman_2006
P31443|G|Arifuzzaman_2006
P31449|G|Arifuzzaman_2006
P31453|G|Arifuzzaman_2006
P0ADM6|G|Arifuzzaman_2006
P31463|G|Arifuzzaman_2006
P0ADM8|G|Arifuzzaman_2006
P0ADN0|G|Arifuzzaman_2006
P31475|G|Arifuzzaman_2006
P23305|G|Arifuzzaman_2006
P27840|G|Arifuzzaman_2006
P0ADP2|G|Arifuzzaman_2006
P0C0K3|G|Arifuzzaman_2006
P32139|G|Arifuzzaman_2006
P32143|G|Arifuzzaman_2006
P32157|G|Arifuzzaman_2006
P39267|G|Arifuzzaman_2006
P39280|G|Arifuzzaman_2006
P39288|G|Arifuzzaman_2006
P39308|G|Arifuzzaman_2006
P39351|G|Arifuzzaman_2006
P39354|G|Arifuzzaman_2006
P39359|G|Arifuzzaman_2006
P39360|G|Arifuzzaman_2006
P39367|G|Arifuzzaman_2006
P39369|G|Arifuzzaman_2006
P39356|G|Arifuzzaman_2006
P24203|G|Arifuzzaman_2006
P39374|G|Arifuzzaman_2006
P39376|G|Arifuzzaman_2006
P39383|G|Arifuzzaman_2006
P0DP21|G|Arifuzzaman_2006
P39389|G|Arifuzzaman_2006
P39393|G|Arifuzzaman_2006
P39410|G|Arifuzzaman_2006
P39407|G|Arifuzzaman_2006
P75675|G|Arifuzzaman_2006
P77601|G|Arifuzzaman_2006
P75685|G|Arifuzzaman_2006
P77212|G|Arifuzzaman_2006
P77379|G|Arifuzzaman_2006
P77536|G|Arifuzzaman_2006
P77433|G|Arifuzzaman_2006
P77473|G|Arifuzzaman_2006
P75713|G|Arifuzzaman_2006
P77129|G|Arifuzzaman_2006
P0AAS5|G|Arifuzzaman_2006
P77759|G|Arifuzzaman_2006
P75796|G|Arifuzzaman_2006
P75797|G|Arifuzzaman_2006
P75919|G|Arifuzzaman_2006
P75967|G|Arifuzzaman_2006
P77658|G|Arifuzzaman_2006
P76092|G|Arifuzzaman_2006
P76117|G|Arifuzzaman_2006
P0A6W0|G|Arifuzzaman_2006
P77309|G|Arifuzzaman_2006
P77739|G|Arifuzzaman_2006
P76222|G|Arifuzzaman_2006
P76909|G|Arifuzzaman_2006
P76257|G|Arifuzzaman_2006
P76280|G|Arifuzzaman_2006
P64534|G|Arifuzzaman_2006
P33941|G|Arifuzzaman_2006
P0AE39|G|Arifuzzaman_2006
P77396|G|Arifuzzaman_2006
P76524|G|Arifuzzaman_2006
P76562|G|Arifuzzaman_2006
P77509|G|Arifuzzaman_2006
P76585|G|Arifuzzaman_2006
P76586|G|Arifuzzaman_2006
Q46855|G|Arifuzzaman_2006
P0ADU7|G|Arifuzzaman_2006
P76655|G|Arifuzzaman_2006
P42620|G|Arifuzzaman_2006
P45469|G|Arifuzzaman_2006
P63386|G|Arifuzzaman_2006
P45748|G|Arifuzzaman_2006
P45753|G|Arifuzzaman_2006
P0ADE4|G|Arifuzzaman_2006
Q6BEX0|G|Arifuzzaman_2006
P11291|G|Arifuzzaman_2006
P39172|G|Arifuzzaman_2006
P0A9X1|G|Arifuzzaman_2006
P0AEP7|G|Arifuzzaman_2006
P09372|D|Calloni_2012
P08622|D|Calloni_2012
P60624|D|Calloni_2012
P0A7E9|D|Calloni_2012
P0ACB2|D|Calloni_2012
P0A6R0|D|Calloni_2012
P0A6R3|D|Calloni_2012
P0A8I1|D|Calloni_2012
P0ADZ0|D|Calloni_2012
P69441|D|Calloni_2012
P0C018|D|Calloni_2012
P0A9D8|D|Calloni_2012
P0AF93|D|Calloni_2012
P0AB71|D|Calloni_2012
P21888|D|Calloni_2012
P0AFG6|D|Calloni_2012
P0A6Q3|D|Calloni_2012
P0A9Q9|D|Calloni_2012
P07118|D|Calloni_2012
P02413|D|Calloni_2012
P0A799|D|Calloni_2012
P0AC69|D|Calloni_2012
P0A953|D|Calloni_2012
P0A6F9|D|Calloni_2012
P00954|D|Calloni_2012
P0A6N4|D|Calloni_2012
P07813|D|Calloni_2012
P0A817|D|Calloni_2012
P0AG55|D|Calloni_2012
P0A8M0|D|Calloni_2012
P02358|D|Calloni_2012
P0A8L1|D|Calloni_2012
P0A7K2|D|Calloni_2012
P0A7T3|D|Calloni_2012
P0ABA0|D|Calloni_2012
P0A6F5|D|Calloni_2012
P0AA10|D|Calloni_2012
P27302|D|Calloni_2012
P0A7X3|D|Calloni_2012
P0ACF8|D|Calloni_2012
P0AEK2|D|Calloni_2012
P21889|D|Calloni_2012
P06959|D|Calloni_2012
P0A7U3|D|Calloni_2012
P0A6P1|D|Calloni_2012
P0A7E5|D|Calloni_2012
P18843|D|Calloni_2012
P0A707|D|Calloni_2012
P0A7K6|D|Calloni_2012
P0A7U7|D|Calloni_2012
P08244|D|Calloni_2012
P00962|D|Calloni_2012
P0AC53|D|Calloni_2012
P0A7J3|D|Calloni_2012
P00957|D|Calloni_2012
P0A7A9|D|Calloni_2012
P0A715|D|Calloni_2012
P75823|D|Calloni_2012
P0AGE6|D|Calloni_2012
P0ACR9|D|Calloni_2012
P60595|D|Calloni_2012
P0ADG7|D|Calloni_2012
P0A870|D|Calloni_2012
P28861|D|Calloni_2012
P05793|D|Calloni_2012
P36683|D|Calloni_2012
P0A858|D|Calloni_2012
P52643|D|Calloni_2012
P63224|D|Calloni_2012
P0A9Q1|D|Calloni_2012
P0A796|D|Calloni_2012
P05459|D|Calloni_2012
P0AG48|D|Calloni_2012
P36938|D|Calloni_2012
P0ACJ0|D|Calloni_2012
P0ADN2|D|Calloni_2012
P37745|D|Calloni_2012
P62707|D|Calloni_2012
P0A7M6|D|Calloni_2012
P00350|D|Calloni_2012
P08312|D|Calloni_2012
P23721|D|Calloni_2012
P04079|D|Calloni_2012
P12758|D|Calloni_2012
P0A9L3|D|Calloni_2012
P0AET8|D|Calloni_2012
P0A850|D|Calloni_2012
P0AG67|D|Calloni_2012
P37744|D|Calloni_2012
P21170|D|Calloni_2012
P0A7N9|D|Calloni_2012
P0ACF0|D|Calloni_2012
P08200|D|Calloni_2012
P0AGD3|D|Calloni_2012
P67910|D|Calloni_2012
P0A9C5|D|Calloni_2012
P15639|D|Calloni_2012
P63020|D|Calloni_2012
P45577|D|Calloni_2012
P04825|D|Calloni_2012
P17117|D|Calloni_2012
P0AAC8|D|Calloni_2012
P76536|D|Calloni_2012
P00448|D|Calloni_2012
P0ADY7|D|Calloni_2012
P0AA25|D|Calloni_2012
P0A8W2|D|Calloni_2012
P0A9J6|D|Calloni_2012
P0A9K3|D|Calloni_2012
P0ACA3|D|Calloni_2012
P00509|D|Calloni_2012
P37759|D|Calloni_2012
P08178|D|Calloni_2012
P0ACP7|D|Calloni_2012
P0A7R1|D|Calloni_2012
P0A6V8|D|Calloni_2012
P0ABP8|D|Calloni_2012
P02359|D|Calloni_2012
P61949|D|Calloni_2012
P0A6K6|D|Calloni_2012
P0A6W9|D|Calloni_2012
P0AB89|D|Calloni_2012
P61889|D|Calloni_2012
P26616|D|Calloni_2012
P21599|D|Calloni_2012
P0A836|D|Calloni_2012
P0A7V3|D|Calloni_2012
P21507|D|Calloni_2012
P0A6F1|D|Calloni_2012
P0AAI5|D|Calloni_2012
P24186|D|Calloni_2012
P0AC13|D|Calloni_2012
P0AG51|D|Calloni_2012
P62399|D|Calloni_2012
P26646|D|Calloni_2012
P00864|D|Calloni_2012
P07395|D|Calloni_2012
P0A972|D|Calloni_2012
P0AEZ9|D|Calloni_2012
P0A6D3|D|Calloni_2012
P0AC33|D|Calloni_2012
P0A6T1|D|Calloni_2012
P76268|D|Calloni_2012
P0ACF4|D|Calloni_2012
P0A6E6|D|Calloni_2012
P0ACD4|D|Calloni_2012
P0AG86|D|Calloni_2012
P0AGB3|D|Calloni_2012
P31554|D|Calloni_2012
P0A9B2|D|Calloni_2012
P0A8J2|D|Calloni_2012
P25539|D|Calloni_2012
P0A7I7|D|Calloni_2012
P22634|D|Calloni_2012
P0A6Z1|D|Calloni_2012
P0A8T7|D|Calloni_2012
P0ACB0|D|Calloni_2012
P77804|D|Calloni_2012
P22524|D|Calloni_2012
P68066|D|Calloni_2012
P0ACC7|D|Calloni_2012
P0ABK2|D|Calloni_2012
P0ABD5|D|Calloni_2012
P0AFK9|D|Calloni_2012
P23893|D|Calloni_2012
P75818|D|Calloni_2012
P0C077|D|Calloni_2012
P16659|D|Calloni_2012
P0ABU2|D|Calloni_2012
P0A7J0|D|Calloni_2012
P0A705|D|Calloni_2012
P60723|D|Calloni_2012
P00803|D|Calloni_2012
P68919|D|Calloni_2012
P16456|D|Calloni_2012
P17993|D|Calloni_2012
P0AAB6|D|Calloni_2012
P43341|D|Calloni_2012
P0A6D7|D|Calloni_2012
P0A6M8|D|Calloni_2012
P04805|D|Calloni_2012
P0A940|D|Calloni_2012
P0A780|D|Calloni_2012
P0A825|D|Calloni_2012
P23830|D|Calloni_2012
P0AFG3|D|Calloni_2012
P24173|D|Calloni_2012
P60438|D|Calloni_2012
P0A7R5|D|Calloni_2012
P0AEP3|D|Calloni_2012
P62620|D|Calloni_2012
P21513|D|Calloni_2012
P10443|D|Calloni_2012
P0A9P0|D|Calloni_2012
P0A7W1|D|Calloni_2012
P06612|D|Calloni_2012
P0AGD7|D|Calloni_2012
P0A6Q6|D|Calloni_2012
P0A6B7|D|Calloni_2012
P0A6P5|D|Calloni_2012
P76014|D|Calloni_2012
P77775|D|Calloni_2012
P16926|D|Calloni_2012
P06710|D|Calloni_2012
P16384|D|Calloni_2012
P69924|D|Calloni_2012
P20083|D|Calloni_2012
P00452|D|Calloni_2012
P00960|D|Calloni_2012
P00956|D|Calloni_2012
P0A6L2|D|Calloni_2012
P03007|D|Calloni_2012
P0AEK4|D|Calloni_2012
P0A6K3|D|Calloni_2012
P0A9H5|D|Calloni_2012
P77488|D|Calloni_2012
P0ABS1|D|Calloni_2012
P24216|D|Calloni_2012
P64624|D|Calloni_2012
P0A7Z4|D|Calloni_2012
P0A790|D|Calloni_2012
P0A912|D|Calloni_2012
P62672|D|Calloni_2012
P0AED0|D|Calloni_2012
P69783|D|Calloni_2012
P0A6A8|D|Calloni_2012
P76423|D|Calloni_2012
P0A8H6|D|Calloni_2012
P0A7F3|D|Calloni_2012
P45578|D|Calloni_2012
P21645|D|Calloni_2012
P0A991|D|Calloni_2012
P0AES9|D|Calloni_2012
P0A9W3|D|Calloni_2012
P0AEQ3|D|Calloni_2012
P0AFD6|D|Calloni_2012
P35340|D|Calloni_2012
P0ABD8|D|Calloni_2012
P77735|D|Calloni_2012
P0A8F0|D|Calloni_2012
P0C0V0|D|Calloni_2012
P0ACK5|D|Calloni_2012
P30126|D|Calloni_2012
P64463|D|Calloni_2012
Q2M7R5|D|Calloni_2012
P0A9U3|D|Calloni_2012
P0A8J4|D|Calloni_2012
P0AE72|D|Calloni_2012
P23917|D|Calloni_2012
P18196|D|Calloni_2012
P23847|D|Calloni_2012
P0A910|D|Calloni_2012
P0AGG8|D|Calloni_2012
P23839|D|Calloni_2012
P0ADK0|D|Calloni_2012
P0ACC3|D|Calloni_2012
P0AD33|D|Calloni_2012
P0AGB6|D|Calloni_2012
P17115|D|Calloni_2012
P31550|D|Calloni_2012
P0AFP6|D|Calloni_2012
P0A800|D|Calloni_2012
P24251|D|Calloni_2012
P21169|D|Calloni_2012
P0AF08|D|Calloni_2012
P0ABT2|D|Calloni_2012
P0AFT5|D|Calloni_2012
P0A9J8|D|Calloni_2012
P77580|D|Calloni_2012
P0A6P9|D|Calloni_2012
P51025|D|Calloni_2012
P0C8J6|D|Calloni_2012
P0AB80|D|Calloni_2012
P0AGE0|D|Calloni_2012
P69776|D|Calloni_2012
P24174|D|Calloni_2012
P36566|D|Calloni_2012
P18776|D|Calloni_2012
P29745|D|Calloni_2012
P0AE08|D|Calloni_2012
P0AD61|D|Calloni_2012
P76361|D|Calloni_2012
P23894|D|Calloni_2012
P60757|D|Calloni_2012
P23003|D|Calloni_2012
P0A8G6|D|Calloni_2012
P39401|D|Calloni_2012
P0A917|D|Calloni_2012
P0A8J8|D|Calloni_2012
P26612|D|Calloni_2012
P0A734|D|Calloni_2012
P0ABA6|D|Calloni_2012
P65556|D|Calloni_2012
P67095|D|Calloni_2012
P0A7H6|D|Calloni_2012
P67087|D|Calloni_2012
P0A7J7|D|Calloni_2012
P30136|D|Calloni_2012
P18133|D|Calloni_2012
P0AC16|D|Calloni_2012
P25665|D|Calloni_2012
P33221|D|Calloni_2012
P69913|D|Calloni_2012
P0ABB4|D|Calloni_2012
P39399|D|Calloni_2012
P76569|D|Calloni_2012
P00894|D|Calloni_2012
P0A7L0|D|Calloni_2012
P22106|D|Calloni_2012
P0A9B6|D|Calloni_2012
P0A7D7|D|Calloni_2012
P0AB28|D|Calloni_2012
P15254|D|Calloni_2012
P0A9T0|D|Calloni_2012
P11458|D|Calloni_2012
P25746|D|Calloni_2012
P0AEZ1|D|Calloni_2012
P0ACP1|D|Calloni_2012
P75959|D|Calloni_2012
P0A6Y5|D|Calloni_2012
P29131|D|Calloni_2012
P0AB43|D|Calloni_2012
P0AF28|D|Calloni_2012
P09832|D|Calloni_2012
P0A998|D|Calloni_2012
P76641|D|Calloni_2012
P27833|D|Calloni_2012
P08245|D|Calloni_2012
P24232|D|Calloni_2012
P37342|D|Calloni_2012
P0AFI7|D|Calloni_2012
P0ADE8|D|Calloni_2012
P30744|D|Calloni_2012
P0A7D4|D|Calloni_2012
P69428|D|Calloni_2012
P00370|D|Calloni_2012
P0AFG8|D|Calloni_2012
P33940|D|Calloni_2012
P08839|D|Calloni_2012
P75949|D|Calloni_2012
P0A8R0|D|Calloni_2012
P76576|D|Calloni_2012
P09162|D|Calloni_2012
P39180|D|Calloni_2012
P0AB26|D|Calloni_2012
P07001|D|Calloni_2012
P25894|D|Calloni_2012
P0A8A4|D|Calloni_2012
P37195|D|Calloni_2012
P75796|D|Calloni_2012
P0C079|D|Calloni_2012
P0ADS2|D|Calloni_2012
P0ACK2|D|Calloni_2012
P0AFM6|D|Calloni_2012
P0ADP9|D|Calloni_2012
P0A8N0|D|Calloni_2012
P0A6E4|D|Calloni_2012
P0AFG0|D|Calloni_2012
P39831|D|Calloni_2012
P24203|D|Calloni_2012
P0AG16|D|Calloni_2012
P0A7B5|D|Calloni_2012
P18335|D|Calloni_2012
P0AAZ4|D|Calloni_2012
P0A9H7|D|Calloni_2012
P0DMC7|D|Calloni_2012
P77376|D|Calloni_2012
P0A9Q5|D|Calloni_2012
P30139|D|Calloni_2012
P0A7M9|D|Calloni_2012
P0A6Y1|D|Calloni_2012
P66948|D|Calloni_2012
P0A7G2|D|Calloni_2012
P0A6H5|D|Calloni_2012
P52108|D|Calloni_2012
Q46868|D|Calloni_2012
P0A9Q7|D|Calloni_2012
P0AEE1|D|Calloni_2012
P0AA99|D|Calloni_2012
P0A951|D|Calloni_2012
P69425|D|Calloni_2012
P37903|D|Calloni_2012
P0A9G4|D|Calloni_2012
P12995|D|Calloni_2012
P37313|D|Calloni_2012
P09549|D|Calloni_2012
P0ABE2|D|Calloni_2012
P36771|D|Calloni_2012
P09373|D|Calloni_2012
P23843|D|Calloni_2012
P0AEB2|D|Calloni_2012
P0A6C8|D|Calloni_2012
P0A7E1|D|Calloni_2012
P00934|D|Calloni_2012
P0ABB0|D|Calloni_2012
P42626|D|Calloni_2012
P0AF63|D|Calloni_2012
P0A905|D|Calloni_2012
P0A9E5|D|Calloni_2012
P60720|D|Calloni_2012
P00363|D|Calloni_2012
P37747|D|Calloni_2012
P0AEU7|D|Calloni_2012
P12996|D|Calloni_2012
P0A744|D|Calloni_2012
P0A6Z3|D|Calloni_2012
P0A8V6|D|Calloni_2012
P0AGE9|D|Calloni_2012
P39407|D|Calloni_2012
P0ABK5|D|Calloni_2012
P37647|D|Calloni_2012
P09053|D|Calloni_2012
P30178|D|Calloni_2012
P37013|D|Calloni_2012
P0AFR4|D|Calloni_2012
P08390|D|Calloni_2012
P33136|D|Calloni_2012
P27247|D|Calloni_2012
P75728|D|Calloni_2012
P09151|D|Calloni_2012
P0ACZ4|D|Calloni_2012
P37147|D|Calloni_2012
P76658|D|Calloni_2012
P62768|D|Calloni_2012
P0ADQ2|D|Calloni_2012
P36979|D|Calloni_2012
P16095|D|Calloni_2012
P09546|D|Calloni_2012
P07003|D|Calloni_2012
P77756|D|Calloni_2012
P15005|D|Calloni_2012
P27127|D|Calloni_2012
P0ABF6|D|Calloni_2012
P23836|D|Calloni_2012
P0A6H1|D|Calloni_2012
P0A9L5|D|Calloni_2012
P0A9K7|D|Calloni_2012
P0A7C2|D|Calloni_2012
P0A8N3|D|Calloni_2012
P25397|D|Calloni_2012
P37750|D|Calloni_2012
P0AAY6|D|Calloni_2012
P0ABJ1|D|Calloni_2012
P0AGK8|D|Calloni_2012
P0A725|D|Calloni_2012
P0A729|D|Calloni_2012
P24242|D|Calloni_2012
P0AAG0|D|Calloni_2012
P0AD59|D|Calloni_2012
P0DTT0|D|Calloni_2012
P75960|D|Calloni_2012
P76403|D|Calloni_2012
P69874|D|Calloni_2012
P77499|D|Calloni_2012
P0ADA5|D|Calloni_2012
P43672|D|Calloni_2012
P0ACL2|D|Calloni_2012
P0ACN7|D|Calloni_2012
P06989|D|Calloni_2012
P0ADW8|D|Calloni_2012
P64581|D|Calloni_2012
P75863|D|Calloni_2012
P28635|D|Calloni_2012
P05852|D|Calloni_2012
P0AAC0|D|Calloni_2012
P63284|D|Calloni_2012
P0ACB7|D|Calloni_2012
P0A7A5|D|Calloni_2012
P0A786|D|Calloni_2012
P0ABH9|D|Calloni_2012
P0AGJ5|D|Calloni_2012
P0AA16|D|Calloni_2012
P77302|D|Calloni_2012
P14175|D|Calloni_2012
P0AFK0|D|Calloni_2012
P0AAJ5|D|Calloni_2012
P08506|D|Calloni_2012
P0A9M8|D|Calloni_2012
P0A8W8|D|Calloni_2012
P0AD70|D|Calloni_2012
P0AAT9|D|Calloni_2012
P77316|D|Calloni_2012
P0AFB8|D|Calloni_2012
P05041|D|Calloni_2012
P30177|D|Calloni_2012
P0A9F3|D|Calloni_2012
P64574|D|Calloni_2012
P06616|D|Calloni_2012
P61517|D|Calloni_2012
P02929|D|Calloni_2012
P0ABS5|D|Calloni_2012
P0A9A6|D|Calloni_2012
P0A9V1|D|Calloni_2012
P0AEZ3|D|Calloni_2012
P0A8V2|D|Calloni_2012
P76027|D|Calloni_2012
P10441|D|Calloni_2012
P0A8M3|D|Calloni_2012
P38684|D|Calloni_2012
P75957|D|Calloni_2012
P23331|D|Calloni_2012
P0A887|D|Calloni_2012
P21367|D|Calloni_2012
P05052|D|Calloni_2012
P10442|D|Calloni_2012
P0ACB4|D|Calloni_2012
P25534|D|Calloni_2012
P68398|D|Calloni_2012
P0AFX4|D|Calloni_2012
Q46864|D|Calloni_2012
P0AEI4|D|Calloni_2012
P0A9X4|D|Calloni_2012
P0A9R7|D|Calloni_2012
P0AFZ3|D|Calloni_2012
P37351|D|Calloni_2012
P0ACE3|D|Calloni_2012
P40191|D|Calloni_2012
P00963|D|Calloni_2012
P0AD96|D|Calloni_2012
P05100|D|Calloni_2012
P37052|D|Calloni_2012
P10346|D|Calloni_2012
P02930|D|Calloni_2012
P0A7G6|D|Calloni_2012
P0ADA3|D|Calloni_2012
P13009|D|Calloni_2012
P31802|D|Calloni_2012
P69797|D|Calloni_2012
P0ABS8|D|Calloni_2012
Q46920|D|Calloni_2012
P09831|D|Calloni_2012
P06996|D|Calloni_2012
Q47150|D|Calloni_2012
P0AET2|D|Calloni_2012
P07109|D|Calloni_2012
P0AFC7|D|Calloni_2012
P05824|D|Calloni_2012
P0AAZ7|D|Calloni_2012
P0A901|D|Calloni_2012
P0AFB5|D|Calloni_2012
P75809|D|Calloni_2012
P77475|D|Calloni_2012
P69910|D|Calloni_2012
P76177|D|Calloni_2012
P0AC51|D|Calloni_2012
P33650|D|Calloni_2012
P0ADP2|D|Calloni_2012
P0A8F4|D|Calloni_2012
P76055|D|Calloni_2012
P02931|D|Calloni_2012
P30137|D|Calloni_2012
P0AB38|D|Calloni_2012
P36999|D|Calloni_2012
P45395|D|Calloni_2012
P0A812|D|Calloni_2012
P0C8J8|D|Calloni_2012
P30138|D|Calloni_2012
P0A749|D|Calloni_2012
P52106|D|Calloni_2012
P10907|D|Calloni_2012
P0AAX8|D|Calloni_2012
P0AEJ2|D|Calloni_2012
P37623|D|Calloni_2012
P0AC47|D|Calloni_2012
P39172|D|Calloni_2012
P46850|D|Calloni_2012
P24554|D|Calloni_2012
P64599|D|Calloni_2012
P0AC02|D|Calloni_2012
P0A6G7|D|Calloni_2012
P60716|D|Calloni_2012
P0C054|D|Calloni_2012
P0A9V5|D|Calloni_2012
P42597|D|Calloni_2012
P25437|D|Calloni_2012
P13024|D|Calloni_2012
P76245|D|Calloni_2012
P0ACJ8|D|Calloni_2012
P77285|D|Calloni_2012
P21179|D|Calloni_2012
P0A738|D|Calloni_2012
P0A915|D|Calloni_2012
P0A8D0|D|Calloni_2012
P0AEI1|D|Calloni_2012
P63389|D|Calloni_2012
P09169|D|Calloni_2012
P36659|D|Calloni_2012
P77171|D|Calloni_2012
P0AG76|D|Calloni_2012
P77360|D|Calloni_2012
P31134|D|Calloni_2012
P26602|D|Calloni_2012
P39280|D|Calloni_2012
P30140|D|Calloni_2012
P64636|D|Calloni_2012
P23845|D|Calloni_2012
P52045|D|Calloni_2012
P21893|D|Calloni_2012
P24188|D|Calloni_2012
P0AFD1|D|Calloni_2012
P52076|D|Calloni_2012
P0AAH0|D|Calloni_2012
P0C058|D|Calloni_2012
P30745|D|Calloni_2012
P76104|D|Calloni_2012
P0ADI4|D|Calloni_2012
P63201|D|Calloni_2012
P0ABT5|D|Calloni_2012
P0AEL3|D|Calloni_2012
P0A9X1|D|Calloni_2012
P0A698|D|Calloni_2012
P10100|D|Calloni_2012
P33228|D|Calloni_2012
P33602|D|Calloni_2012
P16691|D|Calloni_2012
P0AEK0|D|Calloni_2012
P37177|D|Calloni_2012
P0DP89|D|Calloni_2012
P0ACK8|D|Calloni_2012
P76586|D|Calloni_2012
P46889|D|Calloni_2012
P12282|D|Calloni_2012
P02925|D|Calloni_2012
P76002|D|Calloni_2012
P77748|D|Calloni_2012
P0AC41|D|Calloni_2012
P09152|D|Calloni_2012
P30750|D|Calloni_2012
P10902|D|Calloni_2012
P75829|D|Calloni_2012
P23367|D|Calloni_2012
P30855|D|Calloni_2012
P0AFH0|D|Calloni_2012
P37774|D|Calloni_2012
P12999|D|Calloni_2012
P27250|D|Calloni_2012
P05020|D|Calloni_2012
P0AED5|D|Calloni_2012
P77611|D|Calloni_2012
P0ACZ2|D|Calloni_2012
P0AFH8|D|Calloni_2012
P0AAJ8|D|Calloni_2012
P27294|D|Calloni_2012
P39310|D|Calloni_2012
P06149|D|Calloni_2012
P06611|D|Calloni_2012
P36667|D|Calloni_2012
P52062|D|Calloni_2012
P37691|D|Calloni_2012
P33634|D|Calloni_2012
P32160|D|Calloni_2012
P37657|D|Calloni_2012
P36680|D|Calloni_2012
P23908|D|Calloni_2012
Q46800|D|Calloni_2012
P33599|D|Calloni_2012
P60785|D|Calloni_2012
P0A959|D|Calloni_2012
P08201|D|Calloni_2012
P0AAN3|D|Calloni_2012
P45771|D|Calloni_2012
P0ADN0|D|Calloni_2012
P0AEA2|D|Calloni_2012
P46068|D|Calloni_2012
P0AEM4|D|Calloni_2012
P52129|D|Calloni_2012
P27240|D|Calloni_2012
P0A8V2|D|Deuerling_2003
P15254|D|Deuerling_2003
P00968|D|Deuerling_2003
P0AC38|D|Deuerling_2003
P0A853|D|Deuerling_2003
P0A9C5|D|Deuerling_2003
P00350|D|Deuerling_2003
P0AFG8|D|Deuerling_2003
P36683|D|Deuerling_2003
P07395|D|Deuerling_2003
P0A9P0|D|Deuerling_2003
P0A7D4|D|Deuerling_2003
P0A749|D|Deuerling_2003
P25665|D|Deuerling_2003
P0A6M8|D|Deuerling_2003
P0A9M8|D|Deuerling_2003
P00959|D|Deuerling_2003
P0A6K6|D|Deuerling_2003
P0A9T0|D|Deuerling_2003
P0A9A6|D|Deuerling_2003
P0AEZ3|D|Deuerling_2003
P27302|D|Deuerling_2003
P06959|D|Deuerling_2003
P0DTT0|D|Deuerling_2003
P26616|D|Deuerling_2003
P16659|D|Deuerling_2003
P0CE47|D|Deuerling_2003
P0CE48|D|Deuerling_2003
P00962|D|Deuerling_2003
P0AB91|G|Houry_1999
P00887|G|Houry_1999
P25665|G|Houry_1999
P0AEZ1|G|Houry_1999
P0A817|G|Houry_1999
P00893|G|Houry_1999
P09151|G|Houry_1999
P0A6J5|G|Houry_1999
P69908|G|Houry_1999
P0A9P0|G|Houry_1999
P07913|G|Houry_1999
P0A9S3|G|Houry_1999
P0C8J8|G|Houry_1999
P0C8J6|G|Houry_1999
P0A6P9|G|Houry_1999
P0A9B2|G|Houry_1999
P0AF24|G|Houry_1999
P0A9M8|G|Houry_1999
P37747|G|Houry_1999
P0DMC7|G|Houry_1999
P0A7D7|G|Houry_1999
P0A786|G|Houry_1999
P0A8F0|G|Houry_1999
P76422|G|Houry_1999
P30139|G|Houry_1999
P30140|G|Houry_1999
P12998|G|Houry_1999
P60716|G|Houry_1999
P0A7Z4|G|Houry_1999
P0A8V2|G|Houry_1999
P0A800|G|Houry_1999
P0A7K2|G|Houry_1999
P0A7R1|G|Houry_1999
P0A7V0|G|Houry_1999
P08312|G|Houry_1999
P07395|G|Houry_1999
P00961|G|Houry_1999
P0A8M3|G|Houry_1999
P0AFF6|G|Houry_1999
P0AFG0|G|Houry_1999
P0A6H1|G|Houry_1999
P09372|G|Houry_1999
P0AFZ3|G|Houry_1999
P0AES4|G|Houry_1999
P0A7G6|G|Houry_1999
P0AEZ3|G|Houry_1999
P0AAH0|G|Houry_1999
P0ADP0|G|Houry_1999
P39407|G|Houry_1999
P75957|G|Houry_1999
P0CE47|G|Houry_1999
P0CE48|G|Houry_1999
P0AGG4|G|Kerner_2005
P0A862|G|Kerner_2005
P69783|G|Kerner_2005
P0A6Q3|G|Kerner_2005
P0A7A9|G|Kerner_2005
P0AE08|G|Kerner_2005
P0A805|G|Kerner_2005
P09372|G|Kerner_2005
P0ABP8|G|Kerner_2005
P30139|G|Kerner_2005
P0A6L0|G|Kerner_2005
P31057|G|Kerner_2005
P62707|G|Kerner_2005
P0A6P1|G|Kerner_2005
P02925|G|Kerner_2005
P00810|G|Kerner_2005
P0A9B2|G|Kerner_2005
P0A7Z4|G|Kerner_2005
P0A910|G|Kerner_2005
P76116|G|Kerner_2005
P06996|G|Kerner_2005
P0A799|G|Kerner_2005
P0A953|G|Kerner_2005
P0A6A3|G|Kerner_2005
P0A9T0|G|Kerner_2005
P0A825|G|Kerner_2005
P0A6P9|G|Kerner_2005
P0A7D4|G|Kerner_2005
P0A850|G|Kerner_2005
P0AD61|G|Kerner_2005
P00350|G|Kerner_2005
P0A8M0|G|Kerner_2005
P23843|G|Kerner_2005
P06959|G|Kerner_2005
P17315|G|Kerner_2005
P05055|G|Kerner_2005
P0A6M8|G|Kerner_2005
P0AFG8|G|Kerner_2005
P69776|G|Kerner_2005
P0A707|G|Kerner_2005
P63020|G|Kerner_2005
P0A9P0|G|Kerner_2005
P0A9L5|G|Kerner_2005
P64530|G|Kerner_2005
P0AC69|G|Kerner_2005
P0A6Z6|G|Kerner_2005
P0AF48|G|Kerner_2005
P39177|G|Kerner_2005
P0A738|G|Kerner_2005
P0AGK8|G|Kerner_2005
P0A6W5|G|Kerner_2005
P23869|G|Kerner_2005
P0AEZ9|G|Kerner_2005
P0ABT2|G|Kerner_2005
P0AFD1|G|Kerner_2005
P0A9H1|G|Kerner_2005
P45578|G|Kerner_2005
P0A6D7|G|Kerner_2005
P0A8W8|G|Kerner_2005
P0AFY8|G|Kerner_2005
P0AFG0|G|Kerner_2005
P0A7X6|G|Kerner_2005
P13857|G|Kerner_2005
P0A776|G|Kerner_2005
P0A7D1|G|Kerner_2005
P0ACB4|G|Kerner_2005
P25397|G|Kerner_2005
P0A8Y3|G|Kerner_2005
P30137|G|Kerner_2005
P0AFR4|G|Kerner_2005
P0A6P7|G|Kerner_2005
P14374|G|Kerner_2005
P75849|G|Kerner_2005
P0AED5|G|Kerner_2005
P0AC59|G|Kerner_2005
P76344|G|Kerner_2005
P61517|G|Kerner_2005
P03813|G|Kerner_2005
P27294|G|Kerner_2005
P0AGJ2|G|Kerner_2005
P08203|G|Kerner_2005
P23836|G|Kerner_2005
P0AEK2|G|Kerner_2005
P45577|G|Kerner_2005
P0AE88|G|Kerner_2005
P08244|G|Kerner_2005
P0AA16|G|Kerner_2005
P0A722|G|Kerner_2005
P75736|G|Kerner_2005
P0AAH0|G|Kerner_2005
P39408|G|Kerner_2005
P0A9D4|G|Kerner_2005
P0A715|G|Kerner_2005
P76550|G|Kerner_2005
Q99390|G|Kerner_2005
P77395|G|Kerner_2005
P32677|G|Kerner_2005
P77739|G|Kerner_2005
P0A6Y5|G|Kerner_2005
P37765|G|Kerner_2005
P0ACI0|G|Kerner_2005
P77333|G|Kerner_2005
P27305|G|Kerner_2005
P76187|G|Kerner_2005
P0A717|G|Kerner_2005
P0ACQ4|G|Kerner_2005
P76250|G|Kerner_2005
P30177|G|Kerner_2005
P0ABD5|G|Kerner_2005
P0A9F3|G|Kerner_2005
P32695|G|Kerner_2005
P0A9X4|G|Kerner_2005
P30745|G|Kerner_2005
P0A9S3|G|Kerner_2005
P39406|G|Kerner_2005
P76071|G|Kerner_2005
P0C0K3|G|Kerner_2005
P0A9T4|G|Kerner_2005
P05020|G|Kerner_2005
Q46851|G|Kerner_2005
P0AB71|G|Kerner_2005
P29680|G|Kerner_2005
P0CE53|G|Kerner_2005
P02931|G|Kerner_2005
P23721|G|Kerner_2005
P33667|G|Kerner_2005
P0AEJ2|G|Kerner_2005
P77581|G|Kerner_2005
P0AFG6|G|Kerner_2005
P0A6B7|G|Kerner_2005
P13033|G|Kerner_2005
P23893|G|Kerner_2005
P31666|G|Kerner_2005
P09053|G|Kerner_2005
P0A8J8|G|Kerner_2005
P0AG30|G|Kerner_2005
P00393|G|Kerner_2005
P0ABH7|G|Kerner_2005
P37339|G|Kerner_2005
P76085|G|Kerner_2005
P31979|G|Kerner_2005
P24182|G|Kerner_2005
P36928|G|Kerner_2005
P0AAZ4|G|Kerner_2005
P27306|G|Kerner_2005
P69908|G|Kerner_2005
P0A853|G|Kerner_2005
P77730|G|Kerner_2005
P0ABF1|G|Kerner_2005
P0AAG8|G|Kerner_2005
P0DTT0|G|Kerner_2005
P33599|G|Kerner_2005
P0A6Y8|G|Kerner_2005
P0A6U3|G|Kerner_2005
P76104|G|Kerner_2005
P0A8M3|G|Kerner_2005
P0AG24|G|Kerner_2005
P0A9M0|G|Kerner_2005
P21499|G|Kerner_2005
P0A9Q7|G|Kerner_2005
P0AES4|G|Kerner_2005
P0A705|G|Kerner_2005
P27249|G|Kerner_2005
P0AFG3|G|Kerner_2005
P15254|G|Kerner_2005
P43329|G|Kerner_2005
P0A8V2|G|Kerner_2005
P0A8T7|G|Kerner_2005
P0AAR3|G|Kerner_2005
P0AEU7|G|Kerner_2005
P0A832|G|Kerner_2005
P0AFX4|G|Kerner_2005
P26602|G|Kerner_2005
P77475|G|Kerner_2005
P0A8E1|G|Kerner_2005
P37745|G|Kerner_2005
P0A948|G|Kerner_2005
P21515|G|Kerner_2005
P64588|G|Kerner_2005
P0ACJ8|G|Kerner_2005
P0A9R7|G|Kerner_2005
P0A6T5|G|Kerner_2005
P0A8I5|G|Kerner_2005
P0ACK8|G|Kerner_2005
P0A9N4|G|Kerner_2005
P0A873|G|Kerner_2005
P0ACL5|G|Kerner_2005
P0ADG4|G|Kerner_2005
P0AFQ7|G|Kerner_2005
P0A8U2|G|Kerner_2005
P0C8J6|G|Kerner_2005
P0A6L2|G|Kerner_2005
P36548|G|Kerner_2005
P0A6C1|G|Kerner_2005
P29368|G|Kerner_2005
P76143|G|Kerner_2005
P0A6L4|G|Kerner_2005
P0A894|G|Kerner_2005
P0AEZ1|G|Kerner_2005
P0A9E0|G|Kerner_2005
P0A8S1|G|Kerner_2005
P33371|G|Kerner_2005
P0ACB2|G|Kerner_2005
P0ABT5|G|Kerner_2005
P0AA39|G|Kerner_2005
P60716|G|Kerner_2005
P22333|G|Kerner_2005
P77735|G|Kerner_2005
P75823|G|Kerner_2005
P75949|G|Kerner_2005
P0AGJ5|G|Kerner_2005
P0A991|G|Kerner_2005
P75821|G|Kerner_2005
P29012|G|Kerner_2005
P39407|G|Kerner_2005
P0A9Q9|G|Kerner_2005
P06987|G|Kerner_2005
P0A9K3|G|Kerner_2005
P21151|G|Kerner_2005
P08622|G|Kerner_2005
P12998|G|Kerner_2005
P0A817|G|Kerner_2005
P23003|G|Kerner_2005
P42596|G|Kerner_2005
P23908|G|Kerner_2005
P33232|G|Kerner_2005
P0AAI5|G|Kerner_2005
P0A9J8|G|Kerner_2005
P30140|G|Kerner_2005
P37326|G|Kerner_2005
P77444|G|Kerner_2005
P0A959|G|Kerner_2005
P38104|G|Kerner_2005
P0C8J8|G|Kerner_2005
P07650|G|Kerner_2005
P0A6J5|G|Kerner_2005
P0AFK0|G|Kerner_2005
P0AEJ6|G|Kerner_2005
P00944|G|Kerner_2005
P25888|G|Kerner_2005
P21165|G|Kerner_2005
P0AGG8|G|Kerner_2005
P0A8G3|G|Kerner_2005
P68767|G|Kerner_2005
P08202|G|Kerner_2005
P37685|G|Kerner_2005
P0AC41|G|Kerner_2005
P00363|G|Kerner_2005
P0A9P6|G|Kerner_2005
P75864|G|Kerner_2005
P0AFI2|G|Kerner_2005
P00490|G|Kerner_2005
P0A8V2|D|Mogk_1999
P15254|D|Mogk_1999
P13009|D|Mogk_1999
P00968|D|Mogk_1999
P0AFG3|D|Mogk_1999
P0AFG8|D|Mogk_1999
P0A9Q7|D|Mogk_1999
P36683|D|Mogk_1999
P0A9M0|D|Mogk_1999
P25665|D|Mogk_1999
Q46834|D|Mogk_1999
P0A6A3|D|Mogk_1999
P77488|D|Mogk_1999
P26616|D|Mogk_1999
P0DTT0|D|Mogk_1999
P0AC33|D|Mogk_1999
P0A6H5|D|Mogk_1999
P0A6H1|D|Mogk_1999
P00934|D|Mogk_1999
P07650|D|Mogk_1999
P0A749|D|Mogk_1999
P0A9T0|D|Mogk_1999
P0A847|D|Mogk_1999
P37747|D|Mogk_1999
P37759|D|Mogk_1999
P0ABU2|D|Mogk_1999
P0A7Z4|D|Mogk_1999
P00963|D|Mogk_1999
P51020|D|Mogk_1999
P77580|D|Mogk_1999
P0ADI4|D|Mogk_1999
P0AEZ1|D|Mogk_1999
P0C8J6|D|Mogk_1999
P62707|D|Mogk_1999
P0A9Q1|D|Mogk_1999
P0A7E9|D|Mogk_1999
P0CE47|D|Mogk_1999
P0CE48|D|Mogk_1999
