gene|Hydrophob-Hydrophob|StrHydrophob-StrHydrophob|Aromatic-Aromatic|Hydrophil-Hydrophil|Hydrophob-Aromatic|Hydrophob-Charged|Hydrophob-NegCharged|Hydrophob-PosCharged|PosCharged-PosCharged|NegCharged-NegCharged|FF-FY-SY-TY-HC|FF-FY-SY-HC|FF|FY|TY|SY|HC|MR|Total
P00350|11|3|0|2|5|10|4|6|0|0|0|0|0|0|0|0|0|0|25
P00363|78|24|4|24|41|59|27|32|4|1|3|3|1|1|0|0|0|0|192
P00370|44|25|4|5|20|15|5|10|1|0|4|4|4|0|0|0|0|0|73
P00448|11|4|8|7|11|8|2|6|4|0|2|2|0|2|0|0|0|0|27
P00452|23|6|4|7|15|12|6|6|1|0|0|0|0|0|0|0|0|0|49
P00490|101|39|11|40|66|71|27|44|7|0|5|5|2|1|1|1|1|0|264
P00509|37|16|7|8|24|10|3|7|3|1|5|5|0|3|2|0|0|0|66
P00561|13|9|0|0|0|0|0|0|0|0|0|0|0|0|0|0|0|0|16
P00582|13|6|0|4|3|9|4|5|1|1|0|0|0|0|0|0|0|0|28
P00634|133|52|5|32|55|62|28|34|5|1|4|4|0|0|4|0|0|0|285
P00722|94|23|14|59|66|69|33|36|7|6|5|5|0|2|3|0|0|3|284
P00803|16|9|0|0|7|8|4|4|0|0|0|0|0|0|0|0|0|1|41
P00805|17|8|0|0|3|0|0|0|0|0|0|0|0|0|0|0|0|0|18
P00811|59|17|3|10|33|20|6|14|2|0|3|3|0|0|2|1|1|1|103
P00861|51|22|8|8|29|25|9|16|3|0|3|3|1|2|0|0|0|0|98
P00864|28|6|0|4|14|6|2|4|1|0|3|3|0|0|1|2|2|0|44
P00888|9|6|0|2|3|7|3|4|1|0|1|1|0|0|0|1|1|0|24
P00894|3|3|0|0|0|0|0|0|0|0|0|0|0|0|0|0|0|0|3
P00909|28|12|5|12|19|21|5|16|4|1|2|2|0|2|0|0|0|1|68
P00914|0|0|0|0|0|0|0|0|0|0|0|0|0|0|0|0|0|0|2
P00926|37|16|2|4|12|12|7|5|0|1|1|1|0|0|1|0|0|0|66
P00934|30|18|0|12|9|28|13|15|1|0|0|0|0|0|0|0|0|0|82
P00935|34|15|0|5|12|16|6|10|1|0|0|0|0|0|0|0|0|0|74
P00957|3|0|1|3|3|5|0|5|0|0|0|0|0|0|0|0|0|0|23
P00959|36|12|8|12|37|26|9|17|1|1|1|1|0|0|1|0|0|0|91
P00962|29|17|3|26|18|35|4|31|6|1|0|0|0|0|0|0|0|2|106
P00963|11|4|0|6|6|10|3|7|1|1|0|0|0|0|0|0|0|0|29
P00968|158|61|7|50|63|119|55|64|8|4|11|11|3|3|3|2|2|2|381
P02916|13|10|0|2|2|5|2|3|0|1|0|0|0|0|0|0|0|0|25
P02919|38|11|3|5|18|13|3|10|0|0|2|2|1|1|0|0|0|1|73
P02920|111|37|12|13|51|29|9|20|1|0|13|13|6|3|0|4|4|0|178
P02924|4|1|0|2|0|1|0|1|0|0|0|0|0|0|0|0|0|1|10
P02925|3|3|1|3|3|3|0|3|0|0|1|1|1|0|0|0|0|0|11
P02930|53|15|1|10|11|13|9|4|1|0|1|1|0|0|0|1|1|0|102
P02931|0|0|0|0|0|0|0|0|0|0|0|0|0|0|0|0|0|0|1
P02943|12|3|2|0|9|2|1|1|0|0|2|2|0|2|0|0|0|0|15
P03018|17|10|2|24|11|27|5|22|2|2|0|0|0|0|0|0|0|1|77
P03023|17|9|0|5|6|6|1|5|0|0|0|0|0|0|0|0|0|0|33
P03959|17|8|0|5|6|3|1|2|0|0|0|0|0|0|0|0|0|0|28
P03960|28|14|1|5|11|23|10|13|0|1|0|0|0|0|0|0|0|0|72
P04036|12|12|0|2|5|6|1|5|0|0|0|0|0|0|0|0|0|1|31
P04079|28|13|3|2|8|19|12|7|0|0|1|1|0|1|0|0|0|1|56
P04391|7|3|1|5|3|9|0|9|1|0|0|0|0|0|0|0|0|0|34
P04395|3|1|0|1|0|1|0|1|0|0|0|0|0|0|0|0|0|0|5
P04425|9|6|1|0|1|12|4|8|0|0|1|1|0|1|0|0|0|0|26
P04693|23|12|4|3|14|17|5|12|1|0|1|1|0|1|0|0|0|0|53
P04816|10|0|1|3|7|3|3|0|1|0|0|0|0|0|0|0|0|0|19
P04825|11|4|1|11|7|11|7|4|1|2|1|1|0|0|1|0|0|0|51
P04951|17|10|2|3|11|13|4|9|0|0|0|0|0|0|0|0|0|1|36
P04968|26|13|1|3|8|11|3|8|1|0|1|1|0|1|0|0|0|0|46
P04995|28|12|1|2|11|11|0|11|0|0|1|1|0|1|0|0|0|0|42
P05020|37|14|2|3|21|10|3|7|1|0|4|4|1|1|1|0|0|0|51
P05041|19|10|0|5|3|5|1|4|0|1|0|0|0|0|0|0|0|0|38
P05042|5|1|0|0|0|0|0|0|0|0|0|0|0|0|0|0|0|0|10
P05050|7|7|1|4|4|6|1|5|2|0|0|0|0|0|0|0|0|0|19
P05055|11|7|1|2|6|3|2|1|1|0|1|1|0|1|0|0|0|0|21
P05458|24|5|1|10|13|11|6|5|1|0|2|2|0|1|1|0|0|0|60
P05523|10|9|0|5|4|6|2|4|1|0|0|0|0|0|0|0|0|0|26
P05793|147|71|9|35|59|82|40|42|2|2|5|5|1|1|2|1|1|1|361
P05804|26|3|10|15|22|23|4|19|2|3|2|2|0|2|0|0|0|1|75
P05852|22|9|0|1|14|11|9|2|0|1|0|0|0|0|0|0|0|0|34
P06129|3|0|0|0|2|1|0|1|0|0|0|0|0|0|0|0|0|0|4
P06134|0|0|0|0|0|1|0|1|0|0|0|0|0|0|0|0|0|0|1
P06149|41|22|1|11|16|28|12|16|2|0|1|1|0|0|1|0|0|0|90
P06609|41|23|3|6|12|13|2|11|0|0|0|0|0|0|0|0|0|0|73
P06611|3|1|0|0|0|1|1|0|0|0|0|0|0|0|0|0|0|0|4
P06612|4|1|0|3|1|4|2|2|0|0|0|0|0|0|0|0|0|0|11
P06616|11|9|0|2|2|1|0|1|1|0|0|0|0|0|0|0|0|0|16
P06709|18|2|2|4|13|12|2|10|0|0|0|0|0|0|0|0|0|0|37
P06710|3|2|0|0|1|3|0|3|0|0|0|0|0|0|0|0|0|0|6
P06715|30|11|1|5|12|16|7|9|0|1|1|1|0|0|1|0|0|1|57
P06721|52|14|8|6|30|24|5|19|0|1|1|1|0|0|0|1|1|0|98
P06722|1|0|0|0|0|4|1|3|0|0|0|0|0|0|0|0|0|0|5
P06968|0|0|0|1|0|0|0|0|0|0|0|0|0|0|0|0|0|0|1
P06971|3|0|1|2|3|3|2|1|0|1|0|0|0|0|0|0|0|0|8
P06983|32|11|0|5|4|12|5|7|2|0|0|0|0|0|0|0|0|0|54
P06986|47|22|4|7|25|24|10|14|0|0|2|2|0|1|1|0|0|0|96
P06988|19|12|1|6|12|11|6|5|0|1|1|1|0|0|0|1|1|0|49
P06992|14|11|1|0|8|2|1|1|0|0|1|1|1|0|0|0|0|0|29
P06999|1|0|0|0|0|0|0|0|0|0|0|0|0|0|0|0|0|0|1
P07003|97|53|7|20|45|41|14|27|4|0|4|4|1|2|0|1|1|0|177
P07012|3|2|0|6|2|1|1|0|0|0|1|1|0|0|1|0|0|0|17
P07024|65|30|6|15|34|32|15|17|1|0|3|3|1|1|0|1|1|0|152
P07026|3|2|0|1|2|0|0|0|0|0|0|0|0|0|0|0|0|0|4
P07102|40|14|3|9|16|11|6|5|2|0|3|3|1|0|1|1|1|1|82
P07464|1|0|0|0|0|0|0|0|0|0|0|0|0|0|0|0|0|0|1
P07623|5|4|0|0|1|1|0|1|0|0|0|0|0|0|0|0|0|0|6
P07649|19|6|1|7|9|8|1|7|2|0|1|1|0|0|1|0|0|0|38
P07650|75|28|1|14|20|26|5|21|2|2|2|2|0|0|0|2|2|0|154
P07658|178|55|13|36|85|91|43|48|7|2|13|13|3|5|1|3|3|2|397
P07762|9|3|3|5|7|14|4|10|1|0|1|1|0|1|0|0|0|1|29
P07813|77|31|2|25|46|52|18|34|2|1|1|1|0|0|1|0|0|7|226
P07822|28|16|8|2|18|5|1|4|0|0|4|4|3|1|0|0|0|0|36
P07862|18|7|0|6|7|11|5|6|2|1|4|4|0|0|0|4|4|1|41
P08178|92|50|1|17|33|31|10|21|1|3|1|1|0|0|1|0|0|0|149
P08189|1|0|1|0|1|2|2|0|0|0|0|0|0|0|0|0|0|0|5
P08191|1|0|0|1|0|0|0|0|0|0|0|0|0|0|0|0|0|0|6
P08192|64|27|2|1|18|17|9|8|0|0|0|0|0|0|0|0|0|0|87
P08200|41|27|1|4|8|12|7|5|0|1|1|1|0|0|1|0|0|0|71
P08202|50|24|10|12|34|31|8|23|3|1|3|3|0|2|1|0|0|0|107
P08203|7|1|3|3|6|2|1|1|0|0|1|1|0|1|0|0|0|0|14
P08244|6|4|0|3|3|2|1|1|0|0|0|0|0|0|0|0|0|0|11
P08337|3|2|1|4|3|5|2|3|1|0|0|0|0|0|0|0|0|0|16
P08373|28|12|2|6|20|15|9|6|3|0|1|1|0|0|0|1|1|0|53
P08395|40|13|3|7|23|27|7|20|0|1|2|2|2|0|0|0|0|0|87
P08506|7|5|0|5|5|13|6|7|0|0|0|0|0|0|0|0|0|0|31
P08660|19|14|0|2|7|8|3|5|0|0|0|0|0|0|0|0|0|0|36
P08839|13|2|0|6|2|22|10|12|1|0|1|1|0|0|1|0|0|0|51
P08997|47|31|9|15|32|28|12|16|3|0|6|6|4|2|0|0|0|0|101
P09029|19|3|2|10|12|12|3|9|3|0|2|2|0|0|1|1|1|0|47
P09030|6|1|1|0|4|3|0|3|0|0|1|1|0|1|0|0|0|0|11
P09099|14|8|4|3|11|7|0|7|1|0|1|1|1|0|0|0|0|0|32
P09147|17|7|1|1|8|10|5|5|0|0|0|0|0|0|0|0|0|0|31
P09148|17|1|3|2|13|7|3|4|0|0|1|1|0|1|0|0|0|0|36
P09152|369|87|38|117|230|234|90|144|19|4|21|21|5|9|3|3|3|5|889
P09155|0|0|0|0|0|0|0|0|0|0|0|0|0|0|0|0|0|0|2
P09158|17|3|1|0|9|3|3|0|0|0|0|0|0|0|0|0|0|0|26
P09169|0|0|0|0|0|1|0|1|0|0|0|0|0|0|0|0|0|0|1
P09373|43|17|7|20|24|40|16|24|6|2|5|5|1|3|1|0|0|0|124
P09394|3|0|0|4|2|5|1|4|2|0|0|0|0|0|0|0|0|0|14
P09546|5|1|2|2|6|7|2|5|0|0|1|1|0|1|0|0|0|0|16
P09980|7|2|0|15|3|6|2|4|0|0|0|0|0|0|0|0|0|1|31
P0A698|0|0|0|1|0|1|0|1|0|0|0|0|0|0|0|0|0|0|2
P0A6B4|11|6|2|2|7|4|0|4|1|0|1|1|0|0|1|0|0|1|20
P0A6B7|40|13|2|3|20|23|11|12|0|0|3|3|0|1|1|1|1|0|90
P0A6C1|0|0|0|2|0|1|0|1|0|0|0|0|0|0|0|0|0|0|5
P0A6C8|5|2|0|0|1|0|0|0|0|0|0|0|0|0|0|0|0|0|8
P0A6D3|5|1|0|1|2|0|0|0|0|0|1|1|0|0|1|0|0|0|9
P0A6D5|19|8|2|1|9|6|0|6|0|0|0|0|0|0|0|0|0|0|39
P0A6E4|27|7|7|10|20|14|7|7|2|0|5|5|0|2|1|2|2|0|67
P0A6F1|31|14|1|15|13|32|10|22|1|0|0|0|0|0|0|0|0|0|92
P0A6F3|60|17|6|3|27|16|7|9|0|1|0|0|0|0|0|0|0|0|93
P0A6F5|20|16|0|2|4|8|6|2|0|1|0|0|0|0|0|0|0|0|31
P0A6I0|19|16|0|3|4|11|3|8|1|0|0|0|0|0|0|0|0|0|34
P0A6I3|10|2|1|1|5|10|2|8|0|0|0|0|0|0|0|0|0|0|23
P0A6I9|12|7|3|4|6|7|0|7|0|0|0|0|0|0|0|0|0|0|24
P0A6K3|1|0|0|0|0|0|0|0|0|0|0|0|0|0|0|0|0|0|1
P0A6L0|13|7|0|2|2|6|1|5|0|0|0|0|0|0|0|0|0|0|24
P0A6L2|12|2|0|1|5|4|0|4|0|0|0|0|0|0|0|0|0|0|18
P0A6L4|10|5|0|8|4|4|1|3|0|0|0|0|0|0|0|0|0|0|33
P0A6L9|4|2|1|0|4|2|0|2|0|0|0|0|0|0|0|0|0|0|9
P0A6P1|3|2|0|0|0|1|0|1|0|0|0|0|0|0|0|0|0|0|4
P0A6P9|28|9|0|14|8|34|19|15|2|2|0|0|0|0|0|0|0|0|91
P0A6R0|3|3|0|0|0|1|1|0|0|0|0|0|0|0|0|0|0|0|4
P0A6T1|60|26|6|13|32|26|6|20|1|1|6|6|1|2|1|2|2|1|126
P0A6T9|1|0|0|0|0|0|0|0|0|0|0|0|0|0|0|0|0|0|1
P0A6U3|4|2|0|1|0|1|1|0|0|0|0|0|0|0|0|0|0|0|7
P0A6U8|23|12|2|9|6|10|2|8|1|0|3|3|0|2|1|0|0|0|48
P0A6V1|62|22|9|14|41|39|15|24|3|1|5|5|1|3|0|1|1|0|131
P0A6V5|17|8|2|1|16|10|3|7|0|0|1|1|0|0|0|1|1|0|33
P0A6W9|50|18|0|4|16|20|8|12|0|1|2|2|0|0|2|0|0|0|82
P0A6Y8|11|7|0|2|4|10|7|3|0|1|0|0|0|0|0|0|0|0|26
P0A6Z1|3|3|0|3|0|3|2|1|1|0|0|0|0|0|0|0|0|0|9
P0A6Z3|9|5|2|3|7|8|4|4|0|0|3|3|1|0|0|2|2|0|25
P0A6Z6|1|1|0|1|1|0|0|0|0|0|0|0|0|0|0|0|0|0|2
P0A715|8|4|0|2|8|13|3|10|0|0|0|0|0|0|0|0|0|0|23
P0A717|2|2|0|1|0|0|0|0|0|0|0|0|0|0|0|0|0|0|3
P0A720|3|0|0|0|2|2|1|1|0|0|1|1|0|0|1|0|0|0|5
P0A725|17|12|4|3|14|9|3|6|1|0|4|4|3|0|0|0|0|0|31
P0A731|10|6|1|4|9|4|1|3|0|0|0|0|0|0|0|0|0|0|21
P0A738|1|1|0|0|3|5|1|4|0|0|0|0|0|0|0|0|0|0|8
P0A744|54|4|8|12|40|38|13|25|1|1|5|5|0|1|2|2|2|0|123
P0A746|7|3|1|2|5|7|0|7|1|0|0|0|0|0|0|0|0|0|20
P0A749|3|2|0|2|2|0|0|0|0|0|0|0|0|0|0|0|0|0|10
P0A752|19|7|1|3|19|15|3|12|0|0|1|1|0|1|0|0|0|0|43
P0A759|10|5|2|1|3|5|3|2|0|0|2|2|0|1|1|0|0|0|23
P0A763|9|5|3|0|9|4|3|1|0|0|3|3|2|1|0|0|0|0|15
P0A776|6|1|1|2|3|1|0|1|0|0|1|1|0|1|0|0|0|0|12
P0A784|5|3|1|0|2|4|1|3|0|0|0|0|0|0|0|0|0|0|12
P0A786|28|13|0|4|12|11|0|11|0|0|1|1|0|0|1|0|0|0|48
P0A790|24|13|1|3|7|9|8|1|1|0|0|0|0|0|0|0|0|0|47
P0A794|7|7|0|0|0|2|0|2|0|0|0|0|0|0|0|0|0|0|9
P0A796|1|1|0|0|0|0|0|0|0|0|0|0|0|0|0|0|0|0|1
P0A799|20|9|0|5|3|16|11|5|0|0|0|0|0|0|0|0|0|0|47
P0A7A5|1|1|0|0|0|0|0|0|0|0|0|0|0|0|0|0|0|0|2
P0A7A9|2|2|0|0|0|2|2|0|0|0|0|0|0|0|0|0|0|0|4
P0A7B1|24|11|0|12|11|19|8|11|4|0|0|0|0|0|0|0|0|2|58
P0A7B5|2|1|0|1|0|1|0|1|1|0|0|0|0|0|0|0|0|0|4
P0A7B8|2|1|0|0|1|0|0|0|0|0|0|0|0|0|0|0|0|0|2
P0A7C2|13|10|0|8|3|12|5|7|0|3|0|0|0|0|0|0|0|1|43
P0A7D4|6|1|0|2|5|5|4|1|0|0|0|0|0|0|0|0|0|0|13
P0A7E1|37|18|1|14|14|18|6|12|1|2|1|1|1|0|0|0|0|0|84
P0A7E3|4|2|0|0|0|3|3|0|0|0|0|0|0|0|0|0|0|0|7
P0A7E5|30|8|2|10|12|20|10|10|3|2|0|0|0|0|0|0|0|0|63
P0A7E9|4|4|0|5|0|7|4|3|2|0|0|0|0|0|0|0|0|1|21
P0A7F3|0|0|0|1|0|0|0|0|1|0|0|0|0|0|0|0|0|0|1
P0A7G6|10|2|1|2|3|5|1|4|1|0|0|0|0|0|0|0|0|0|21
P0A7H3|0|0|0|0|0|2|2|0|0|0|0|0|0|0|0|0|0|0|2
P0A7I7|12|9|0|3|5|2|1|1|0|0|0|0|0|0|0|0|0|0|24
P0A7J0|5|3|0|3|5|5|0|5|1|0|0|0|0|0|0|0|0|0|16
P0A7J3|19|14|0|1|3|11|0|11|1|0|0|0|0|0|0|0|0|0|31
P0A7K6|9|7|0|2|2|5|1|4|0|0|0|0|0|0|0|0|0|0|16
P0A7Y4|4|0|0|0|1|2|1|1|0|0|0|0|0|0|0|0|0|0|6
P0A7Z0|13|7|0|0|3|5|0|5|0|0|0|0|0|0|0|0|0|0|22
P0A7Z4|8|4|0|2|1|10|4|6|1|0|0|0|0|0|0|0|0|0|21
P0A814|5|2|0|0|2|0|0|0|0|0|0|0|0|0|0|0|0|0|5
P0A817|105|20|9|22|44|75|39|36|2|1|4|4|1|3|0|0|0|2|237
P0A825|47|18|2|9|21|29|5|24|2|0|0|0|0|0|0|0|0|0|103
P0A836|11|7|1|9|6|5|0|5|2|0|0|0|0|0|0|0|0|0|29
P0A850|5|4|0|5|2|4|3|1|0|0|0|0|0|0|0|0|0|0|18
P0A853|55|23|2|24|27|39|10|29|6|0|1|1|1|0|0|0|0|2|142
P0A855|23|11|1|4|9|10|5|5|0|1|1|1|1|0|0|0|0|0|38
P0A858|11|10|0|3|2|8|6|2|1|1|0|0|0|0|0|0|0|0|24
P0A862|15|8|1|2|6|3|1|2|0|0|2|2|0|1|0|1|1|0|20
P0A870|5|1|0|0|3|2|0|2|0|0|0|0|0|0|0|0|0|0|7
P0A873|64|38|0|5|18|25|8|17|1|0|1|1|0|0|0|1|1|2|109
P0A879|26|12|1|2|19|18|8|10|0|0|1|1|0|1|0|0|0|0|60
P0A894|2|2|0|0|0|1|1|0|0|0|0|0|0|0|0|0|0|0|4
P0A8A0|1|0|0|1|1|0|0|0|0|0|0|0|0|0|0|0|0|0|2
P0A8D6|4|2|0|1|0|1|0|1|1|0|0|0|0|0|0|0|0|0|6
P0A8F0|5|3|0|0|0|1|1|0|0|0|0|0|0|0|0|0|0|0|12
P0A8I3|5|1|0|0|3|2|0|2|0|0|1|1|0|0|0|1|1|0|7
P0A8I5|17|5|2|1|11|9|1|8|1|0|1|1|1|0|0|0|0|0|34
P0A8I8|71|37|3|12|21|25|8|17|3|0|1|1|0|1|0|0|0|0|121
P0A8L1|29|9|1|7|8|18|5|13|1|1|0|0|0|0|0|0|0|1|64
P0A8M3|60|25|5|12|30|35|11|24|3|0|2|2|0|0|1|1|1|0|121
P0A8N3|12|4|2|8|9|11|7|4|0|2|2|2|0|2|0|0|0|0|34
P0A8N5|10|4|2|7|7|13|8|5|1|1|2|2|0|2|0|0|0|0|34
P0A8N7|8|2|2|7|10|22|7|15|1|2|1|1|0|1|0|0|0|0|39
P0A8P1|50|17|11|3|30|20|4|16|0|0|4|4|2|1|0|1|1|1|90
P0A8Q6|1|1|0|1|0|0|0|0|0|0|0|0|0|0|0|0|0|0|2
P0A8R0|3|2|0|0|2|0|0|0|0|0|0|0|0|0|0|0|0|0|3
P0A8T7|43|20|1|17|20|27|2|25|3|0|1|1|0|1|0|0|0|4|108
P0A8U0|1|0|0|0|1|0|0|0|0|0|0|0|0|0|0|0|0|0|1
P0A8V0|0|0|2|3|0|1|1|0|3|0|0|0|0|0|0|0|0|0|4
P0A8V2|117|45|2|52|44|71|29|42|6|3|0|0|0|0|0|0|0|3|289
P0A8Y5|10|2|0|1|3|9|2|7|0|0|1|1|0|0|1|0|0|0|20
P0A901|2|2|0|3|0|3|1|2|0|0|0|0|0|0|0|0|0|0|9
P0A912|2|2|0|1|0|1|0|1|1|0|0|0|0|0|0|0|0|0|4
P0A935|30|14|1|7|22|23|5|18|1|0|1|1|0|1|0|0|0|0|68
P0A940|14|3|1|7|11|8|2|6|0|0|1|1|0|0|0|1|1|0|35
P0A951|2|2|0|1|1|2|1|1|0|0|0|0|0|0|0|0|0|0|5
P0A953|15|3|0|3|6|9|3|6|0|0|0|0|0|0|0|0|0|0|31
P0A955|18|8|1|1|5|5|1|4|0|0|0|0|0|0|0|0|0|0|28
P0A959|64|23|7|10|35|29|6|23|0|0|1|1|0|0|1|0|0|0|114
P0A962|1|1|0|0|1|0|0|0|0|0|0|0|0|0|0|0|0|0|1
P0A988|0|0|0|5|0|7|3|4|0|0|0|0|0|0|0|0|0|0|18
P0A993|17|4|3|1|12|11|4|7|0|0|2|2|1|1|0|0|0|0|32
P0A998|14|11|2|5|9|5|4|1|0|3|2|2|2|0|0|0|0|0|24
P0A9A6|2|2|0|1|0|1|1|0|0|0|0|0|0|0|0|0|0|0|5
P0A9C9|15|6|0|4|2|7|3|4|0|0|0|0|0|0|0|0|0|0|30
P0A9E0|25|14|2|3|16|10|3|7|1|0|2|2|2|0|0|0|0|0|44
P0A9G6|8|1|0|3|4|11|4|7|0|0|2|2|0|0|0|2|2|0|31
P0A9G8|21|12|0|4|4|7|5|2|0|1|0|0|0|0|0|0|0|0|42
P0A9H1|22|9|0|1|8|13|3|10|0|0|0|0|0|0|0|0|0|0|44
P0A9H3|56|18|3|10|30|33|10|23|0|0|1|1|0|0|0|1|1|1|123
P0A9J4|7|7|0|7|0|5|4|1|0|2|0|0|0|0|0|0|0|0|21
P0A9J6|1|0|0|2|0|1|1|0|0|0|0|0|0|0|0|0|0|0|7
P0A9M0|1|1|0|3|0|1|0|1|0|0|0|0|0|0|0|0|0|0|5
P0A9M2|7|5|1|0|5|3|3|0|0|0|1|1|0|1|0|0|0|1|16
P0A9M5|7|2|0|0|2|1|1|0|0|0|0|0|0|0|0|0|0|0|8
P0A9N4|1|0|0|0|1|2|0|2|0|0|0|0|0|0|0|0|0|0|4
P0A9P0|32|19|0|11|11|18|11|7|1|2|0|0|0|0|0|0|0|0|67
P0A9P4|30|14|0|3|12|11|8|3|0|0|0|0|0|0|0|0|0|1|46
P0A9P6|14|7|0|8|4|14|6|8|0|0|0|0|0|0|0|0|0|0|38
P0A9Q7|13|8|1|0|5|5|2|3|0|0|0|0|0|0|0|0|0|0|19
P0A9Q9|1|1|0|0|0|0|0|0|0|0|0|0|0|0|0|0|0|0|2
P0A9R4|4|0|2|0|5|8|1|7|0|0|0|0|0|0|0|0|0|0|18
P0A9S1|15|11|0|3|1|4|2|2|0|0|0|0|0|0|0|0|0|0|30
P0A9S3|18|6|6|0|12|1|1|0|0|0|6|6|2|1|0|3|3|0|24
P0A9S5|20|9|0|2|6|4|1|3|1|0|1|1|0|0|1|0|0|0|34
P0A9T0|7|1|0|1|6|4|1|3|0|0|1|1|0|0|0|1|1|0|15
P0A9T4|5|3|0|1|2|2|0|2|0|0|0|0|0|0|0|0|0|0|18
P0A9V1|1|1|0|1|0|3|1|2|0|0|0|0|0|0|0|0|0|0|5
P0A9W3|4|2|0|0|2|1|0|1|0|0|0|0|0|0|0|0|0|0|6
P0A9Z1|1|1|0|1|0|4|0|4|1|0|0|0|0|0|0|0|0|0|7
P0AA10|1|1|0|0|0|3|1|2|0|0|0|0|0|0|0|0|0|0|4
P0AA25|20|13|0|4|2|6|2|4|0|0|0|0|0|0|0|0|0|0|31
P0AA37|4|1|0|3|3|6|0|6|1|0|0|0|0|0|0|0|0|0|18
P0AA39|17|9|1|7|12|8|1|7|3|0|1|1|1|0|0|0|0|0|35
P0AA43|3|0|1|1|4|3|1|2|0|0|1|1|0|1|0|0|0|0|7
P0AA86|16|5|1|2|8|11|7|4|0|1|0|0|0|0|0|0|0|0|31
P0AA89|11|7|1|1|9|7|1|6|1|0|1|1|1|0|0|0|0|0|20
P0AAB4|42|16|3|21|17|33|13|20|2|0|2|2|0|1|0|0|0|0|110
P0AAC8|7|3|2|0|6|0|0|0|0|0|3|3|0|2|1|0|0|0|8
P0AAI3|1|0|0|1|0|1|0|1|0|0|0|0|0|0|0|0|0|0|5
P0AAI5|58|14|1|6|17|22|13|9|1|0|0|0|0|0|0|0|0|0|96
P0AAI9|25|8|1|4|7|5|0|5|0|0|0|0|0|0|0|0|0|0|42
P0AAJ3|9|3|2|9|11|19|5|14|3|0|2|2|0|0|0|1|1|0|44
P0AAR3|21|11|0|0|0|2|2|0|0|0|0|0|0|0|0|0|0|0|24
P0AAV8|1|0|0|0|0|4|2|2|0|0|0|0|0|0|0|0|0|0|5
P0AAZ4|2|0|0|0|0|1|0|1|0|0|0|0|0|0|0|0|0|0|3
P0AB71|22|13|0|4|7|11|6|5|0|0|0|0|0|0|0|0|0|0|41
P0AB74|4|1|0|0|1|0|0|0|0|0|0|0|0|0|0|0|0|0|4
P0AB77|48|19|7|8|25|20|4|16|2|0|3|3|1|2|0|0|0|0|87
P0AB80|14|8|3|4|9|9|2|7|2|0|2|2|1|1|0|0|0|0|28
P0AB83|2|2|0|2|2|1|0|1|0|0|0|0|0|0|0|0|0|0|8
P0AB85|2|0|0|0|1|1|1|0|0|0|0|0|0|0|0|0|0|0|3
P0AB87|3|0|0|1|0|0|0|0|0|0|0|0|0|0|0|0|0|0|5
P0AB89|14|1|0|0|2|3|1|2|0|0|1|1|0|0|1|0|0|0|19
P0AB91|32|17|2|8|15|20|5|15|1|0|2|2|0|0|1|1|1|0|66
P0ABA6|8|3|1|0|2|5|1|4|0|0|0|0|0|0|0|0|0|0|17
P0ABB8|1|1|0|0|0|0|0|0|0|0|0|0|0|0|0|0|0|0|1
P0ABD3|11|6|1|18|7|11|7|4|3|4|0|0|0|0|0|0|0|1|47
P0ABH7|30|14|2|1|15|8|4|4|0|1|2|2|0|1|0|1|1|0|48
P0ABH9|6|3|0|4|3|7|0|7|0|0|0|0|0|0|0|0|0|0|21
P0ABI4|1|1|0|4|0|3|1|2|1|0|0|0|0|0|0|0|0|0|10
P0ABJ1|0|0|0|0|0|0|0|0|0|0|0|0|0|0|0|0|0|0|1
P0ABK2|21|4|4|8|9|20|5|15|2|0|2|2|0|0|0|2|2|1|58
P0ABK5|14|9|0|5|0|2|0|2|1|0|0|0|0|0|0|0|0|0|28
P0ABK9|18|6|3|6|8|10|5|5|1|0|1|1|0|1|0|0|0|1|43
P0ABP8|36|21|2|6|14|17|9|8|1|0|2|2|0|2|0|0|0|0|70
P0ABQ0|4|2|0|0|1|4|3|1|0|0|0|0|0|0|0|0|0|0|9
P0ABQ4|2|2|0|0|0|0|0|0|0|0|0|0|0|0|0|0|0|0|2
P0ABS5|24|13|4|0|15|8|3|5|0|0|2|2|0|2|0|0|0|1|43
P0ABT2|17|12|3|6|12|6|1|5|0|0|3|3|2|1|0|0|0|0|40
P0ABY7|6|5|0|1|1|3|2|1|0|0|0|0|0|0|0|0|0|0|10
P0ABZ6|7|4|0|1|5|7|3|4|0|0|0|0|0|0|0|0|0|0|15
P0AC13|6|4|0|0|0|1|0|1|0|0|0|0|0|0|0|0|0|0|8
P0AC19|0|0|0|1|0|1|0|1|0|0|0|0|0|0|0|0|0|0|2
P0AC38|4|0|0|0|2|0|0|0|0|0|0|0|0|0|0|0|0|0|5
P0AC41|108|26|6|33|50|74|26|48|6|1|6|6|1|4|0|1|1|1|252
P0AC55|0|0|0|1|0|2|0|2|0|0|0|0|0|0|0|0|0|0|5
P0AC69|19|12|1|1|6|2|2|0|0|0|1|1|1|0|0|0|0|0|25
P0AC81|4|3|1|1|2|2|0|2|0|0|0|0|0|0|0|0|0|0|7
P0AC84|0|0|1|1|1|1|0|1|1|0|0|0|0|0|0|0|0|0|2
P0ACB0|3|3|0|2|0|2|0|2|1|0|0|0|0|0|0|0|0|0|7
P0ACB2|27|12|1|4|8|13|4|9|0|1|1|1|0|1|0|0|0|0|50
P0ACC7|17|7|0|2|2|5|3|2|0|0|1|1|0|0|1|0|0|0|25
P0ACD8|36|18|4|7|17|12|8|4|0|1|2|2|1|1|0|0|0|1|79
P0ACE0|44|26|4|15|18|20|7|13|2|2|2|2|0|1|1|0|0|0|96
P0ACI0|23|7|0|7|11|16|8|8|0|0|1|1|0|0|1|0|0|0|55
P0ACI3|4|2|0|0|3|3|0|3|0|0|0|0|0|0|0|0|0|0|7
P0ACI6|1|0|0|0|1|1|1|0|0|0|0|0|0|0|0|0|0|0|2
P0ACJ8|14|7|2|5|12|16|5|11|0|0|2|2|1|1|0|0|0|0|47
P0ACN4|1|1|0|0|0|0|0|0|0|0|0|0|0|0|0|0|0|0|1
P0ACP1|1|1|1|0|2|3|0|3|0|0|1|1|1|0|0|0|0|0|4
P0ACP7|13|4|2|6|8|15|4|11|0|0|3|3|1|1|1|0|0|0|41
P0ACQ4|33|18|1|6|13|12|6|6|3|0|0|0|0|0|0|0|0|1|64
P0ACX3|1|0|0|0|0|0|0|0|0|0|0|0|0|0|0|0|0|0|1
P0ACY1|1|1|0|0|1|1|0|1|0|0|0|0|0|0|0|0|0|0|2
P0AD27|128|48|7|16|73|50|12|38|1|0|5|5|2|1|1|1|1|0|252
P0AD61|7|4|0|0|0|2|0|2|0|0|0|0|0|0|0|0|0|0|13
P0AD65|11|3|0|17|1|24|12|12|3|0|0|0|0|0|0|0|0|0|54
P0AD96|11|0|1|2|7|3|3|0|0|0|0|0|0|0|0|0|0|0|19
P0ADC3|32|20|0|5|3|18|5|13|0|0|0|0|0|0|0|0|0|0|68
P0ADE8|39|25|2|10|20|15|8|7|2|1|0|0|0|0|0|0|0|0|72
P0ADF8|0|0|0|0|0|1|0|1|0|0|0|0|0|0|0|0|0|0|1
P0ADG4|16|7|3|5|13|6|3|3|0|0|2|2|0|2|0|0|0|0|32
P0ADI4|43|17|6|5|24|20|9|11|1|0|3|3|0|2|0|1|1|0|79
P0ADI7|33|19|2|5|8|11|2|9|1|0|1|1|0|0|0|0|0|0|51
P0ADP7|1|1|0|0|1|0|0|0|0|0|0|0|0|0|0|0|0|0|1
P0ADR6|22|16|7|3|17|10|1|9|0|0|4|4|3|1|0|0|0|0|39
P0ADR8|34|15|1|7|12|10|6|4|2|0|2|2|0|1|1|0|0|0|61
P0ADV7|0|0|0|1|0|1|0|1|0|0|0|0|0|0|0|0|0|0|2
P0ADX9|3|2|0|0|3|1|0|1|0|0|0|0|0|0|0|0|0|0|4
P0ADY3|1|1|0|0|0|1|0|1|0|0|0|0|0|0|0|0|0|0|2
P0ADY7|9|2|1|4|6|9|1|8|3|0|0|0|0|0|0|0|0|0|28
P0AE01|76|47|1|7|19|23|10|13|0|1|0|0|0|0|0|0|0|1|129
P0AE08|6|6|5|6|9|17|5|12|0|1|1|1|1|0|0|0|0|0|31
P0AE12|56|24|3|8|25|39|17|22|2|1|1|1|0|0|0|1|1|0|112
P0AE18|7|1|5|0|9|4|0|4|0|0|0|0|0|0|0|0|0|0|13
P0AE22|8|4|1|1|4|6|1|5|0|0|0|0|0|0|0|0|0|0|16
P0AE67|12|11|0|0|2|2|2|0|0|0|0|0|0|0|0|0|0|0|15
P0AE70|9|9|0|2|1|9|5|4|0|0|0|0|0|0|0|0|0|0|21
P0AE78|1|1|0|0|0|0|0|0|0|0|0|0|0|0|0|0|0|0|2
P0AE82|1|1|0|0|1|0|0|0|0|0|0|0|0|0|0|0|0|0|2
P0AEA2|27|17|0|1|4|4|4|0|0|0|1|1|0|0|1|0|0|0|37
P0AEB2|12|9|1|8|8|8|4|4|1|0|1|1|1|0|0|0|0|0|44
P0AEC8|13|9|0|1|1|2|0|2|0|0|0|0|0|0|0|0|0|0|16
P0AEE3|16|6|1|0|5|2|0|2|0|0|1|1|1|0|0|0|0|0|21
P0AEE5|3|2|0|4|1|4|2|2|0|0|0|0|0|0|0|0|0|0|13
P0AEG4|15|7|1|4|5|3|1|2|1|0|1|1|0|1|0|0|0|0|26
P0AEG6|11|1|3|0|6|6|1|5|0|0|0|0|0|0|0|0|0|0|24
P0AEJ2|61|30|4|5|20|26|10|16|1|0|1|1|1|0|0|0|0|0|98
P0AEJ4|2|2|0|3|0|0|0|0|0|0|0|0|0|0|0|0|0|0|10
P0AEJ6|67|29|6|17|32|36|17|19|2|3|4|4|2|2|0|0|0|0|133
P0AEJ8|0|0|0|2|3|3|0|3|0|0|0|0|0|0|0|0|0|0|6
P0AEK0|1|1|0|0|0|0|0|0|0|0|0|0|0|0|0|0|0|0|1
P0AEK2|8|7|0|0|0|0|0|0|0|0|0|0|0|0|0|0|0|0|10
P0AEK4|19|10|0|3|1|0|0|0|0|0|0|0|0|0|0|0|0|0|27
P0AEL6|23|11|4|6|11|16|1|15|0|0|0|0|0|0|0|0|0|0|55
P0AEM0|1|0|0|0|0|1|0|1|0|0|0|0|0|0|0|0|0|0|2
P0AEN1|6|0|2|0|6|1|1|0|0|0|1|1|0|1|0|0|0|0|7
P0AEN8|82|49|0|9|19|27|18|9|1|0|0|0|0|0|0|0|0|0|135
P0AEP3|12|4|0|1|7|12|6|6|0|0|1|1|0|0|0|1|1|0|31
P0AEP7|87|45|4|21|37|58|23|35|4|1|2|2|2|0|0|0|0|1|204
P0AEQ3|25|4|4|4|16|13|5|8|0|0|3|3|0|3|0|0|0|0|46
P0AER0|21|7|0|0|4|0|0|0|0|0|0|0|0|0|0|0|0|0|25
P0AES0|102|52|8|10|46|35|12|23|1|0|1|1|0|0|0|0|0|0|169
P0AES2|58|17|6|22|40|32|10|22|3|0|2|2|0|0|1|1|1|2|168
P0AES4|12|5|1|5|6|7|3|4|0|1|0|0|0|0|0|0|0|0|27
P0AES6|11|4|0|2|3|5|0|5|1|0|0|0|0|0|0|0|0|0|23
P0AET8|16|12|0|1|5|2|2|0|0|0|0|0|0|0|0|0|0|0|23
P0AEU0|46|18|8|4|25|20|17|3|0|0|9|9|4|4|0|1|1|0|87
P0AEV9|10|4|0|3|1|10|10|0|0|3|0|0|0|0|0|0|0|0|29
P0AEW6|15|6|3|2|11|7|4|3|0|0|2|2|0|2|0|0|0|0|25
P0AEX9|86|45|8|13|33|33|14|19|2|1|4|4|3|1|0|0|0|0|146
P0AEY8|103|51|5|10|46|22|10|12|3|0|3|3|2|1|0|0|0|2|187
P0AEZ3|4|4|0|0|2|3|1|2|0|0|0|0|0|0|0|0|0|0|7
P0AEZ9|16|2|2|0|7|3|1|2|0|0|1|1|0|0|1|0|0|0|20
P0AF12|27|21|5|7|11|20|7|13|0|0|3|3|2|0|0|0|0|0|63
P0AF18|11|6|1|2|7|7|0|7|2|0|0|0|0|0|0|0|0|0|23
P0AF24|4|2|0|0|0|0|0|0|0|0|0|0|0|0|0|0|0|0|4
P0AF93|1|1|0|0|0|0|0|0|0|0|0|0|0|0|0|0|0|0|1
P0AFB1|0|0|0|0|0|0|0|0|0|0|0|0|0|0|0|0|0|0|1
P0AFC0|12|2|4|7|12|11|3|8|3|0|1|1|1|0|0|0|0|0|32
P0AFF6|0|0|0|0|0|1|1|0|0|0|0|0|0|0|0|0|0|0|1
P0AFG3|38|15|2|14|24|34|8|26|2|1|3|3|0|0|2|1|1|0|96
P0AFG6|1|1|0|1|0|0|0|0|0|0|0|0|0|0|0|0|0|0|2
P0AFG8|126|53|14|28|72|56|21|35|4|0|12|12|2|6|2|2|2|1|242
P0AFI0|86|41|3|17|23|31|8|23|4|1|2|2|0|1|1|0|0|1|174
P0AFI2|21|8|0|8|8|13|2|11|2|1|1|1|0|0|0|1|1|0|57
P0AFI7|6|2|1|3|4|3|1|2|0|0|0|0|0|0|0|0|0|0|16
P0AFK0|77|29|4|12|39|38|13|25|1|1|1|1|0|0|1|0|0|0|152
P0AFK9|56|8|10|18|36|33|22|11|1|3|8|8|0|5|2|1|1|1|123
P0AFL3|40|21|5|7|20|3|3|0|0|0|8|8|4|1|1|2|2|0|69
P0AFL6|9|8|1|1|7|6|0|6|0|0|1|1|1|0|0|0|0|0|21
P0AFM2|64|34|6|5|36|15|6|9|0|1|1|1|0|1|0|0|0|0|116
P0AFP6|13|7|2|1|8|3|1|2|0|0|1|1|0|1|0|0|0|0|20
P0AFQ7|1|0|0|1|0|1|0|1|0|0|0|0|0|0|0|0|0|0|3
P0AFR4|19|7|0|1|5|11|6|5|0|0|0|0|0|0|0|0|0|0|37
P0AFU8|18|4|1|5|10|8|2|6|0|0|0|0|0|0|0|0|0|0|39
P0AFW4|2|1|0|0|1|2|1|1|0|0|0|0|0|0|0|0|0|0|4
P0AFX9|10|4|0|0|2|0|0|0|0|0|0|0|0|0|0|0|0|0|10
P0AFY8|0|0|0|0|0|1|0|1|0|0|0|0|0|0|0|0|0|0|3
P0AFZ3|0|0|0|1|0|0|0|0|0|0|0|0|0|0|0|0|0|0|2
P0AG11|11|7|0|2|2|3|2|1|0|0|1|1|0|0|0|1|1|0|29
P0AG16|18|9|1|3|9|7|1|6|0|0|1|1|0|1|0|0|0|1|33
P0AG30|1|1|0|0|0|0|0|0|0|0|0|0|0|0|0|0|0|0|2
P0AG44|0|0|0|0|0|2|0|2|0|0|0|0|0|0|0|0|0|0|2
P0AG55|0|0|0|0|0|1|1|0|0|0|0|0|0|0|0|0|0|0|1
P0AG67|1|1|0|0|0|0|0|0|0|0|0|0|0|0|0|0|0|0|1
P0AG74|5|5|0|0|1|0|0|0|0|0|0|0|0|0|0|0|0|0|5
P0AG80|89|33|8|33|38|36|18|18|1|4|9|9|2|1|4|2|2|1|204
P0AG82|49|11|2|6|23|20|13|7|0|1|8|8|0|2|4|2|2|0|84
P0AGD3|15|3|7|6|13|9|5|4|3|0|1|1|0|0|1|0|0|0|32
P0AGD7|25|12|1|2|4|15|6|9|1|0|1|1|1|0|0|0|0|0|48
P0AGE0|0|0|0|0|0|1|0|1|0|0|0|0|0|0|0|0|0|0|1
P0AGE9|25|7|1|2|19|13|4|9|0|0|1|1|0|0|1|0|0|0|46
P0AGF4|119|43|15|16|69|46|15|31|4|0|8|8|3|3|1|1|1|1|211
P0AGG2|1|1|0|0|0|0|0|0|0|0|0|0|0|0|0|0|0|0|2
P0AGG8|66|17|1|16|17|51|16|35|2|1|2|2|0|0|0|0|0|0|181
P0AGJ7|41|19|4|10|32|27|13|14|1|1|3|3|0|3|0|0|0|0|94
P0AGJ9|20|10|0|3|7|6|3|3|1|0|0|0|0|0|0|0|0|0|32
P0AGK4|1|1|0|0|0|1|0|1|0|0|0|0|0|0|0|0|0|0|4
P0AGL2|1|1|0|0|0|0|0|0|0|0|0|0|0|0|0|0|0|0|1
P0AGL7|61|38|0|16|14|28|8|20|4|2|0|0|0|0|0|0|0|0|116
P0AGM7|144|64|4|3|40|23|7|16|2|0|4|4|1|2|1|0|0|0|191
P0C066|2|0|0|1|2|0|0|0|0|0|0|0|0|0|0|0|0|0|4
P0C0K3|1|1|1|1|3|2|0|2|0|0|0|0|0|0|0|0|0|0|4
P0C0R7|4|0|1|2|3|7|3|4|0|1|0|0|0|0|0|0|0|0|16
P0C0S1|5|1|0|1|1|1|0|1|0|0|1|1|0|0|0|1|1|0|9
P0C0U4|15|10|0|1|2|4|1|3|0|0|0|0|0|0|0|0|0|0|22
P0C960|0|0|0|0|0|1|0|1|0|0|0|0|0|0|0|0|0|0|2
P0CB39|104|38|9|35|64|62|31|31|3|2|9|9|1|2|4|2|2|0|233
P0CE47|37|20|0|4|7|12|5|7|0|0|0|0|0|0|0|0|0|0|54
P0CE48|15|6|0|1|3|3|2|1|0|0|0|0|0|0|0|0|0|0|20
P0DTT0|9|4|1|4|6|14|1|13|2|0|1|1|1|0|0|0|0|0|31
P10121|30|10|1|6|7|16|6|10|1|0|1|1|0|1|0|0|0|0|58
P10151|16|6|0|2|6|2|0|2|1|0|0|0|0|0|0|0|0|0|24
P10378|21|5|0|3|13|5|4|1|0|0|2|2|0|0|0|2|2|0|41
P10408|5|2|0|7|2|8|0|8|1|0|0|0|0|0|0|0|0|0|23
P10441|8|4|0|1|5|3|2|1|0|0|0|0|0|0|0|0|0|1|13
P10443|30|21|1|6|17|21|7|14|0|0|0|0|0|0|0|0|0|1|75
P10902|79|27|2|15|20|44|19|25|2|1|2|2|0|1|0|0|0|0|162
P10903|93|47|8|3|43|9|4|5|0|0|9|9|6|1|1|1|1|1|127
P11071|22|13|5|14|16|16|7|9|1|2|4|4|1|3|0|0|0|2|65
P11349|46|7|6|9|25|27|8|19|1|0|2|2|0|1|1|0|0|0|106
P11350|11|4|3|0|11|4|3|1|0|0|2|2|0|1|0|1|1|0|17
P11447|8|2|0|1|0|0|0|0|0|0|0|0|0|0|0|0|0|0|11
P11454|97|32|14|10|48|33|15|18|2|0|4|4|1|3|0|0|0|0|149
P11875|13|7|0|3|3|8|0|8|0|0|1|1|0|0|1|0|0|0|28
P11880|16|13|0|1|3|3|0|3|0|0|0|0|0|0|0|0|0|0|23
P12281|33|20|1|3|7|7|0|7|0|0|1|1|0|1|0|0|0|0|62
P12282|4|3|0|0|0|0|0|0|0|0|0|0|0|0|0|0|0|0|4
P12295|37|5|7|7|27|15|7|8|0|0|0|0|0|0|0|0|0|1|77
P12758|55|33|1|8|7|23|9|14|1|0|0|0|0|0|0|0|0|0|90
P12994|7|4|0|0|2|0|0|0|0|0|0|0|0|0|0|0|0|0|7
P12995|57|20|1|3|14|19|2|17|2|0|1|1|0|1|0|0|0|3|99
P12998|48|18|5|7|28|18|6|12|1|1|1|1|0|0|1|0|0|0|84
P13000|0|0|0|2|0|1|1|0|0|1|0|0|0|0|0|0|0|0|3
P13001|31|13|2|5|11|8|4|4|2|0|0|0|0|0|0|0|0|0|49
P13009|53|29|3|6|20|15|8|7|0|1|2|2|1|0|0|0|0|0|81
P13029|7|2|0|3|6|8|7|1|0|1|0|0|0|0|0|0|0|0|19
P13035|46|16|6|30|32|39|7|32|6|0|2|2|1|1|0|0|0|0|131
P13036|5|0|0|0|3|0|0|0|0|0|1|1|0|0|1|0|0|0|8
P13482|0|0|0|0|0|0|0|0|0|0|0|0|0|0|0|0|0|0|1
P14294|45|23|3|10|18|23|9|14|2|3|0|0|0|0|0|0|0|0|89
P14900|49|36|0|1|15|9|7|2|0|0|0|0|0|0|0|0|0|0|73
P15005|10|5|3|0|8|2|2|0|0|0|3|3|1|2|0|0|0|0|12
P15034|12|2|1|9|11|13|6|7|1|2|0|0|0|0|0|0|0|0|37
P15042|5|3|0|5|2|8|4|4|2|0|0|0|0|0|0|0|0|0|24
P15043|1|1|0|2|0|0|0|0|0|0|0|0|0|0|0|0|0|0|3
P15067|26|13|3|21|17|25|9|16|2|0|1|1|0|0|1|0|0|0|79
P15640|9|2|0|1|1|3|1|2|0|1|0|0|0|0|0|0|0|0|16
P15723|29|7|4|13|23|27|8|19|5|0|3|3|0|1|0|2|2|1|78
P15770|2|1|0|0|0|0|0|0|0|0|0|0|0|0|0|0|0|0|4
P15977|48|15|9|11|28|28|14|14|2|1|1|1|0|1|0|0|0|0|107
P16384|5|0|0|0|4|3|1|2|0|0|1|1|0|0|1|0|0|0|10
P16456|87|44|2|10|16|27|9|18|1|1|3|3|0|1|0|2|2|1|153
P16525|15|8|1|10|8|3|0|3|2|0|1|1|1|0|0|0|0|0|32
P16685|2|1|0|0|1|2|0|2|0|0|0|0|0|0|0|0|0|0|6
P16686|4|0|0|0|0|0|0|0|0|0|0|0|0|0|0|0|0|0|4
P16687|30|11|0|10|12|34|15|19|5|1|1|1|0|0|1|0|0|1|87
P16688|1|1|0|0|0|0|0|0|0|0|0|0|0|0|0|0|0|0|3
P16692|1|1|2|2|1|2|1|1|2|0|0|0|0|0|0|0|0|0|7
P16703|18|8|0|4|2|3|1|2|1|1|0|0|0|0|0|0|0|0|28
P16869|7|0|0|0|3|3|1|2|0|0|2|2|0|0|2|0|0|0|13
P17109|148|61|7|20|59|63|29|34|1|3|2|2|0|1|1|0|0|0|258
P17117|48|24|1|10|20|18|4|14|1|0|1|1|0|0|1|0|0|0|88
P17169|68|28|1|11|20|34|18|16|4|1|2|2|0|0|1|1|1|0|133
P17443|15|11|0|1|0|4|0|4|1|0|0|0|0|0|0|0|0|1|25
P17802|18|4|1|0|7|2|0|2|0|0|2|2|0|1|0|1|1|0|23
P17846|0|0|0|2|0|1|0|1|1|0|0|0|0|0|0|0|0|0|6
P17854|30|18|5|5|14|12|2|10|1|0|2|2|0|2|0|0|0|0|51
P17888|6|4|0|1|2|3|2|1|0|0|0|0|0|0|0|0|0|0|11
P17952|47|26|0|3|8|15|8|7|0|0|0|0|0|0|0|0|0|1|85
P17993|1|0|0|0|0|0|0|0|0|0|0|0|0|0|0|0|0|0|3
P18393|6|4|3|0|5|1|0|1|0|0|0|0|0|0|0|0|0|0|9
P18843|24|17|0|5|5|5|4|1|0|1|0|0|0|0|0|0|0|0|36
P19624|12|5|0|3|4|13|3|10|0|0|0|0|0|0|0|0|0|0|33
P19636|34|19|1|7|6|12|9|3|0|1|0|0|0|0|0|0|0|0|57
P19926|42|12|3|3|21|15|7|8|1|0|2|2|0|0|1|1|1|0|84
P20083|16|7|0|5|6|7|2|5|1|0|0|0|0|0|0|0|0|0|37
P21165|8|3|1|3|4|6|0|6|0|0|1|1|0|1|0|0|0|0|24
P21177|20|8|5|4|15|5|1|4|1|0|2|2|2|0|0|0|0|0|43
P21179|50|26|4|18|30|64|28|36|2|1|2|2|1|0|0|1|1|0|151
P21189|76|31|8|8|50|38|14|24|1|2|6|6|3|3|0|0|0|0|132
P21338|13|8|1|1|4|3|3|0|0|0|1|1|0|1|0|0|0|0|21
P21362|16|13|0|10|4|11|5|6|0|2|0|0|0|0|0|0|0|0|40
P21367|32|21|2|7|16|14|7|7|0|1|0|0|0|0|0|0|0|0|55
P21507|7|6|0|3|5|9|0|9|2|0|0|0|0|0|0|0|0|0|21
P21513|0|0|0|0|0|1|1|0|0|0|0|0|0|0|0|0|0|0|1
P21514|3|2|0|2|2|0|0|0|0|0|0|0|0|0|0|0|0|0|7
P21599|12|5|0|2|0|3|0|3|1|0|0|0|0|0|0|0|0|0|18
P21645|0|0|0|0|1|1|0|1|0|0|0|0|0|0|0|0|0|0|1
P21888|48|22|6|17|27|30|8|22|5|0|3|3|0|2|0|1|1|0|112
P21889|29|21|1|8|12|12|2|10|0|0|1|1|1|0|0|0|0|0|55
P22106|2|1|1|1|1|0|0|0|0|0|0|0|0|0|0|0|0|0|6
P22188|51|20|2|6|15|9|5|4|0|2|1|1|0|1|0|0|0|0|81
P22256|71|36|0|3|25|24|4|20|0|0|0|0|0|0|0|0|0|1|118
P22259|77|39|6|14|39|40|14|26|3|0|6|6|1|3|2|0|0|0|158
P22523|0|0|0|0|0|1|1|0|0|0|0|0|0|0|0|0|0|0|1
P22939|1|0|0|2|0|5|1|4|0|0|0|0|0|0|0|0|0|0|10
P23003|3|3|1|0|3|1|1|0|0|0|1|1|1|0|0|0|0|0|4
P23256|45|17|7|7|33|15|4|11|1|0|2|2|0|1|0|1|1|0|84
P23367|4|1|0|3|2|12|1|11|1|0|0|0|0|0|0|0|0|0|21
P23522|2|2|0|0|1|1|1|0|0|0|0|0|0|0|0|0|0|0|3
P23721|48|19|3|7|20|27|6|21|1|0|2|2|0|0|1|1|1|0|107
P23827|33|7|5|0|24|5|3|2|0|0|1|1|0|1|0|0|0|0|42
P23843|51|6|8|16|33|38|16|22|4|1|6|6|0|1|5|0|0|0|119
P23847|41|8|4|13|20|23|10|13|1|1|0|0|0|0|0|0|0|0|115
P23865|18|7|1|14|15|13|4|9|5|0|1|1|0|0|0|1|1|0|58
P23869|37|22|7|5|24|6|1|5|1|0|7|7|5|1|1|0|0|0|66
P23872|32|11|2|10|14|31|12|19|2|0|1|1|0|0|1|0|0|1|78
P23874|5|2|0|3|3|2|0|2|0|0|0|0|0|0|0|0|0|0|10
P23882|4|0|0|5|0|11|1|10|0|0|0|0|0|0|0|0|0|0|23
P23890|0|0|0|0|0|0|0|0|0|0|0|0|0|0|0|0|0|0|0
P23909|51|20|2|26|19|23|5|18|5|4|2|2|0|1|1|0|0|3|119
P23930|5|2|0|3|1|1|0|1|0|0|0|0|0|0|0|0|0|0|11
P24171|11|2|0|2|6|2|1|1|1|0|0|0|0|0|0|0|0|0|16
P24173|17|5|0|1|17|13|3|10|0|0|0|0|0|0|0|0|0|0|32
P24182|14|6|0|10|9|25|7|18|3|1|0|0|0|0|0|0|0|1|56
P24183|273|71|36|66|141|186|56|130|16|1|24|24|6|10|3|3|3|5|639
P24186|22|10|0|3|5|8|1|7|0|0|0|0|0|0|0|0|0|0|37
P24193|49|29|1|7|10|24|13|11|0|1|0|0|0|0|0|0|0|0|93
P24200|3|1|0|2|2|2|2|0|0|0|0|0|0|0|0|0|0|0|7
P24203|20|13|1|5|9|12|3|9|1|0|1|1|0|1|0|0|0|0|45
P24215|5|1|0|2|2|5|3|2|0|0|0|0|0|0|0|0|0|0|14
P24228|13|5|0|3|3|13|0|13|0|0|0|0|0|0|0|0|0|0|39
P24232|20|3|1|12|8|11|5|6|2|0|1|1|0|0|0|1|1|0|53
P24242|0|0|0|0|0|3|0|3|0|0|0|0|0|0|0|0|0|0|3
P25397|7|6|0|0|2|3|0|3|0|0|0|0|0|0|0|0|0|0|12
P25522|0|0|1|1|0|0|0|0|1|0|0|0|0|0|0|0|0|0|1
P25524|18|8|3|5|10|2|0|2|0|0|1|1|0|1|0|0|0|0|33
P25526|48|22|1|10|19|18|4|14|0|0|2|2|1|0|0|1|1|0|87
P25535|31|10|3|7|10|15|6|9|1|0|0|0|0|0|0|0|0|0|58
P25539|18|3|0|1|7|10|6|4|0|0|1|1|0|0|1|0|0|0|37
P25552|10|7|0|6|2|4|0|4|1|0|0|0|0|0|0|0|0|0|22
P25553|25|6|0|14|12|17|8|9|1|0|1|1|0|0|1|0|0|0|76
P25714|3|0|0|1|3|2|0|2|1|0|1|1|0|0|1|0|0|0|12
P25740|17|6|0|8|5|15|1|14|1|0|0|0|0|0|0|0|0|0|45
P25746|17|11|0|1|2|5|0|5|0|0|0|0|0|0|0|0|0|0|30
P26281|18|5|3|3|11|8|2|6|1|1|0|0|0|0|0|0|0|0|35
P26602|6|4|0|1|1|3|1|2|1|0|0|0|0|0|0|0|0|0|10
P26616|48|14|2|5|24|7|2|5|0|0|4|4|0|2|1|1|1|1|74
P26646|14|7|0|2|5|3|1|2|0|0|0|0|0|0|0|0|0|0|19
P26648|12|5|1|3|8|6|3|3|1|0|0|0|0|0|0|0|0|0|29
P27111|31|17|0|2|8|10|7|3|1|0|0|0|0|0|0|0|0|0|50
P27245|0|0|0|0|0|0|0|0|0|0|0|0|0|0|0|0|0|0|1
P27248|41|12|7|5|32|26|9|17|1|0|5|5|1|3|1|0|0|0|79
P27250|11|5|0|3|4|3|0|3|1|0|0|0|0|0|0|0|0|0|23
P27296|29|8|1|7|15|20|8|12|2|1|0|0|0|0|0|0|0|0|63
P27302|90|52|6|18|35|44|13|31|4|2|3|3|1|1|1|0|0|0|178
P27305|1|1|0|4|3|12|5|7|1|0|0|0|0|0|0|0|0|0|17
P27431|46|20|8|11|29|23|9|14|0|0|3|3|2|1|0|0|0|0|91
P27828|8|8|0|4|2|6|3|3|2|1|0|0|0|0|0|0|0|0|19
P27833|9|5|1|1|6|4|3|1|0|0|1|1|1|0|0|0|0|0|17
P27862|0|0|0|1|0|3|2|1|0|0|0|0|0|0|0|0|0|0|4
P28248|13|4|2|2|4|7|6|1|1|0|0|0|0|0|0|0|0|0|29
P28304|7|1|1|0|6|2|0|2|0|0|0|0|0|0|0|0|0|0|9
P28305|11|8|0|1|4|9|2|7|1|0|1|1|0|0|0|0|0|0|23
P28306|19|9|2|4|9|13|7|6|0|1|2|2|1|0|0|1|1|0|44
P28629|63|17|6|8|38|39|10|29|1|0|6|6|1|2|3|0|0|2|134
P28630|7|3|0|2|1|1|0|1|0|0|0|0|0|0|0|0|0|0|12
P28631|2|2|0|0|2|3|1|2|0|0|0|0|0|0|0|0|0|0|5
P28632|11|8|0|1|6|3|1|2|0|0|0|0|0|0|0|0|0|0|15
P28635|29|9|1|5|15|8|5|3|1|0|2|2|0|0|2|0|0|0|55
P28861|6|0|0|0|5|2|1|1|0|0|0|0|0|0|0|0|0|0|9
P28905|1|1|0|0|0|0|0|0|0|0|0|0|0|0|0|0|0|0|1
P29208|32|9|0|4|13|7|2|5|0|0|1|1|0|0|1|0|0|0|47
P29745|103|55|4|12|39|55|24|31|1|4|1|1|0|1|0|0|0|1|209
P30014|10|7|1|1|2|5|4|1|0|0|0|0|0|0|0|0|0|0|16
P30125|15|8|0|2|6|6|5|1|0|0|0|0|0|0|0|0|0|0|26
P30128|0|0|0|0|0|1|0|1|0|0|0|0|0|0|0|0|0|0|1
P30130|0|0|0|4|0|5|3|2|0|0|0|0|0|0|0|0|0|0|14
P30131|2|2|0|2|2|1|0|1|1|0|0|0|0|0|0|0|0|0|5
P30138|17|9|0|0|2|6|2|4|0|0|1|1|0|0|1|0|0|0|28
P30177|15|5|0|6|4|3|2|1|0|0|1|1|0|0|1|0|0|0|30
P30178|7|1|0|1|3|8|2|6|0|0|0|0|0|0|0|0|0|0|16
P30750|7|4|0|2|2|5|3|2|0|0|0|0|0|0|0|0|0|0|19
P30850|45|23|1|10|24|28|10|18|1|0|1|1|1|0|0|0|0|0|99
P30870|0|0|0|0|0|1|0|1|0|0|0|0|0|0|0|0|0|0|1
P30871|33|10|2|19|15|25|7|18|3|1|1|1|0|1|0|0|0|0|91
P30958|20|10|0|7|10|5|3|2|0|1|0|0|0|0|0|0|0|0|44
P31057|8|7|1|2|5|3|1|2|0|0|1|1|1|0|0|0|0|0|18
P31122|64|41|4|0|30|7|2|5|0|0|3|3|3|0|0|0|0|0|78
P31129|11|1|0|4|9|6|0|6|1|1|1|1|0|0|0|1|1|0|23
P31133|56|14|8|17|33|25|13|12|2|3|0|0|0|0|0|0|0|0|112
P31142|42|18|5|12|24|19|11|8|0|2|3|3|3|0|0|0|0|0|79
P31224|154|76|14|34|70|54|22|32|0|1|15|15|8|3|3|1|1|2|306
P31434|36|8|7|21|32|19|4|15|5|1|4|4|0|1|1|1|1|0|95
P31473|7|4|2|8|3|10|3|7|3|0|0|0|0|0|0|0|0|1|26
P31545|91|30|9|22|51|43|8|35|1|1|7|7|2|3|2|0|0|1|201
P31550|68|16|6|5|35|26|15|11|0|0|5|5|1|2|2|0|0|0|109
P31572|27|8|3|5|13|11|1|10|2|0|1|1|0|1|0|0|0|3|58
P31658|39|15|4|6|25|29|16|13|1|0|1|1|0|1|0|0|0|0|85
P31663|7|6|0|1|1|7|2|5|0|0|0|0|0|0|0|0|0|0|21
P31677|22|9|2|8|11|26|6|20|0|0|0|0|0|0|0|0|0|0|60
P31697|0|0|0|0|0|1|1|0|0|0|0|0|0|0|0|0|0|0|1
P31808|13|2|2|0|8|2|2|0|0|0|0|0|0|0|0|0|0|0|22
P31827|3|1|1|1|1|1|1|0|1|0|0|0|0|0|0|0|0|0|5
P31828|13|4|0|9|5|24|17|7|1|0|0|0|0|0|0|0|0|0|52
P32055|8|5|0|1|2|4|4|0|0|0|0|0|0|0|0|0|0|0|13
P32056|16|3|7|3|19|14|4|10|0|0|2|2|1|1|0|0|0|0|38
P32099|20|3|4|11|15|17|6|11|2|0|1|1|0|0|0|1|1|0|51
P32125|2|1|0|0|0|0|0|0|0|0|0|0|0|0|0|0|0|0|4
P32131|33|13|5|5|24|12|6|6|0|0|3|3|0|2|0|1|1|0|65
P32138|36|9|6|11|25|34|16|18|0|1|1|1|0|1|0|0|0|0|108
P32140|0|0|0|0|0|0|0|0|0|0|0|0|0|0|0|0|0|0|1
P32156|0|0|0|0|0|0|0|0|0|0|0|0|0|0|0|0|0|0|1
P32169|8|4|0|1|1|0|0|0|0|0|0|0|0|0|0|0|0|0|10
P32170|51|13|0|7|27|26|7|19|3|0|1|1|0|0|0|1|1|0|93
P32171|12|6|1|13|3|9|5|4|1|2|0|0|0|0|0|0|0|1|50
P32173|2|2|1|0|2|1|0|1|0|0|0|0|0|0|0|0|0|0|3
P32664|11|5|1|1|7|6|0|6|0|0|0|0|0|0|0|0|0|0|19
P32684|2|0|1|1|3|4|0|4|0|0|0|0|0|0|0|0|0|0|7
P32717|4|2|0|0|0|1|0|1|0|0|0|0|0|0|0|0|0|0|6
P32719|3|0|0|0|1|0|0|0|0|0|0|0|0|0|0|0|0|0|6
P33012|19|8|4|1|13|7|7|0|0|0|1|1|0|1|0|0|0|0|27
P33022|23|6|2|1|10|14|5|9|0|0|2|2|0|2|0|0|0|0|46
P33025|19|9|0|1|5|5|3|2|0|0|0|0|0|0|0|0|0|0|36
P33136|30|8|11|8|26|18|11|7|1|1|5|5|2|3|0|0|0|0|67
P33221|14|10|0|2|7|16|10|6|0|0|0|0|0|0|0|0|0|0|35
P33224|1|0|0|0|1|3|0|3|0|0|0|0|0|0|0|0|0|0|4
P33362|20|7|0|2|0|5|3|2|0|0|0|0|0|0|0|0|0|0|39
P33371|15|6|0|1|7|5|2|3|0|0|0|0|0|0|0|0|0|0|26
P33590|61|20|14|9|42|29|13|16|1|1|3|3|1|0|2|0|0|0|113
P33643|9|4|5|8|14|21|1|20|5|0|2|2|1|0|1|0|0|0|44
P33644|10|5|0|2|2|4|2|2|0|0|0|0|0|0|0|0|0|0|17
P33919|19|6|0|1|4|9|1|8|0|0|0|0|0|0|0|0|0|0|39
P33937|228|75|20|79|122|120|41|79|13|5|20|20|4|7|3|5|5|5|510
P34209|17|3|0|4|4|7|2|5|0|0|0|0|0|0|0|0|0|0|37
P35340|59|26|0|4|18|16|6|10|1|0|4|4|0|0|1|2|2|0|90
P36649|36|12|4|17|20|43|18|25|2|2|0|0|0|0|0|0|0|0|105
P36655|2|2|2|2|3|3|2|1|0|0|1|1|1|0|0|0|0|0|8
P36673|3|0|0|0|0|3|0|3|0|0|0|0|0|0|0|0|0|0|6
P36683|113|50|4|35|42|80|26|54|4|1|4|4|0|0|1|0|0|3|276
P36767|2|1|1|2|1|0|0|0|0|0|0|0|0|0|0|0|0|0|6
P36929|5|0|3|6|6|5|1|4|0|0|1|1|0|0|0|1|1|0|18
P36979|14|7|4|1|10|2|1|1|0|0|2|2|1|1|0|0|0|0|25
P36999|11|9|1|1|7|6|2|4|0|0|1|1|0|1|0|0|0|1|24
P37001|1|1|1|0|1|0|0|0|0|0|1|1|1|0|0|0|0|0|1
P37019|61|18|5|2|21|13|5|8|0|0|4|4|3|1|0|0|0|0|82
P37024|18|7|0|5|2|14|3|11|1|0|0|0|0|0|0|0|0|1|45
P37028|0|0|0|0|0|0|0|0|0|0|0|0|0|0|0|0|0|0|0
P37095|86|37|0|15|17|31|12|19|1|1|4|4|0|0|1|3|3|1|152
P37128|5|2|0|3|0|7|4|3|0|1|0|0|0|0|0|0|0|0|16
P37146|9|1|1|11|7|10|2|8|1|2|1|1|0|0|0|1|1|0|32
P37329|35|10|3|4|21|20|10|10|1|0|2|2|0|0|0|2|2|0|61
P37330|1|1|0|4|0|0|0|0|0|0|0|0|0|0|0|0|0|0|7
P37351|12|10|0|3|3|4|1|3|1|0|0|0|0|0|0|0|0|0|19
P37353|10|4|0|2|3|2|2|0|0|0|0|0|0|0|0|0|0|0|19
P37355|15|8|4|11|14|14|4|10|0|0|0|0|0|0|0|0|0|0|41
P37387|2|0|0|2|2|0|0|0|0|0|0|0|0|0|0|0|0|0|10
P37610|67|31|6|18|49|26|8|18|3|1|4|4|2|0|1|1|1|0|139
P37634|4|3|0|0|2|3|1|2|0|0|0|0|0|0|0|0|0|0|7
P37657|20|6|0|0|9|3|2|1|0|0|0|0|0|0|0|0|0|0|35
P37659|105|54|6|19|50|63|38|25|2|0|3|3|1|0|0|1|1|0|207
P37671|1|0|0|0|1|0|0|0|0|0|0|0|0|0|0|0|0|0|1
P37672|6|3|1|4|1|3|0|3|1|0|0|0|0|0|0|0|0|0|15
P37690|1|0|1|1|1|0|0|0|0|0|0|0|0|0|0|0|0|0|3
P37744|15|8|1|6|6|5|3|2|1|1|0|0|0|0|0|0|0|0|28
P37747|35|16|7|11|21|26|7|19|3|0|7|7|1|2|3|0|0|0|86
P37758|57|35|4|4|28|7|3|4|0|0|4|4|4|0|0|0|0|1|84
P37765|3|0|0|1|3|4|0|4|0|0|0|0|0|0|0|0|0|0|9
P38038|22|7|2|4|9|11|5|6|2|0|3|3|0|2|0|1|1|0|43
P38051|84|43|9|20|50|48|13|35|4|0|2|2|0|2|0|0|0|0|172
P38054|12|4|0|6|0|8|2|6|0|1|0|0|0|0|0|0|0|0|29
P38134|6|4|0|3|0|4|1|3|0|0|0|0|0|0|0|0|0|0|17
P38489|23|11|2|3|10|12|4|8|0|0|1|1|0|1|0|0|0|0|42
P38506|4|1|0|2|2|6|4|2|1|0|1|1|0|0|0|1|1|0|12
P39265|2|0|0|2|2|4|0|4|0|0|0|0|0|0|0|0|0|0|8
P39301|84|42|4|3|20|15|8|7|0|0|5|5|3|1|0|1|1|0|119
P39304|2|1|0|0|0|1|0|1|0|0|0|0|0|0|0|0|0|0|3
P39315|17|8|0|0|4|9|8|1|0|0|0|0|0|0|0|0|0|0|31
P39325|2|1|1|3|3|6|0|6|2|0|1|1|0|1|0|0|0|0|11
P39332|1|1|0|0|1|0|0|0|0|0|0|0|0|0|0|0|0|0|1
P39333|12|10|0|0|4|5|2|3|0|0|0|0|0|0|0|0|0|0|19
P39346|17|14|2|1|9|9|3|6|0|0|2|2|2|0|0|0|0|2|33
P39353|2|1|0|2|1|0|0|0|0|0|0|0|0|0|0|0|0|0|4
P39367|6|3|0|0|4|3|0|3|0|0|0|0|0|0|0|0|0|0|11
P39371|1|1|0|0|0|0|0|0|0|0|0|0|0|0|0|0|0|0|1
P39377|18|14|0|4|3|7|6|1|0|0|0|0|0|0|0|0|0|0|34
P39406|4|2|0|0|4|2|0|2|0|0|0|0|0|0|0|0|0|0|6
P39408|7|4|0|3|2|5|3|2|1|0|0|0|0|0|0|0|0|0|16
P39451|10|3|0|1|3|3|3|0|0|0|0|0|0|0|0|0|0|0|18
P39830|4|2|0|0|1|0|0|0|0|0|0|0|0|0|0|0|0|0|4
P40191|1|0|0|0|0|1|0|1|0|0|0|0|0|0|0|0|0|0|2
P41052|4|2|1|0|4|1|0|1|0|0|1|1|0|1|0|0|0|0|5
P41409|10|7|2|0|7|6|3|3|0|0|0|0|0|0|0|0|0|0|20
P42588|56|25|0|9|5|22|4|18|1|0|0|0|0|0|0|0|0|1|109
P42589|1|0|0|1|0|3|0|3|1|0|0|0|0|0|0|0|0|0|7
P42592|0|0|0|6|1|2|0|2|0|0|0|0|0|0|0|0|0|0|8
P42593|43|16|0|15|21|34|16|18|2|2|0|0|0|0|0|0|0|0|105
P42596|5|3|0|0|2|1|0|1|0|0|1|1|0|0|1|0|0|0|6
P42620|29|13|4|11|24|27|3|24|5|1|1|1|1|0|0|0|0|0|76
P42624|20|13|0|2|3|9|2|7|0|0|0|0|0|0|0|0|0|0|42
P42641|47|21|0|11|15|36|22|14|0|1|1|1|0|0|0|1|1|0|109
P42907|41|23|1|2|18|16|9|7|0|0|1|1|1|0|0|0|0|0|72
P45395|11|3|0|1|3|5|1|4|0|0|0|0|0|0|0|0|0|0|22
P45470|12|2|0|2|7|12|12|0|1|0|0|0|0|0|0|0|0|0|28
P45523|3|0|0|0|1|1|0|1|0|0|0|0|0|0|0|0|0|0|4
P45532|0|0|0|0|0|0|0|0|0|0|0|0|0|0|0|0|0|0|1
P45545|25|11|4|5|14|15|9|6|1|0|4|4|2|1|0|1|1|0|54
P45548|12|7|1|11|6|12|6|6|1|2|1|1|1|0|0|0|0|0|38
P45550|36|16|3|7|21|5|0|5|0|0|1|1|1|0|0|0|0|0|57
P45563|53|30|5|12|33|23|8|15|2|1|1|1|0|1|0|0|0|1|109
P45568|2|0|1|1|3|3|2|1|0|0|0|0|0|0|0|0|0|0|10
P45748|14|7|0|3|6|4|1|3|0|1|0|0|0|0|0|0|0|0|23
P45799|8|6|1|3|6|4|4|0|0|2|1|1|1|0|0|0|0|0|19
P46130|5|1|0|0|0|5|0|5|0|0|0|0|0|0|0|0|0|0|11
P46849|18|12|0|2|7|10|6|4|0|0|0|0|0|0|0|0|0|0|32
P46852|17|5|2|6|6|11|3|8|0|0|1|1|1|0|0|0|0|1|41
P46853|16|4|0|0|10|10|5|5|0|0|2|2|0|0|0|2|2|0|26
P46859|19|14|0|5|1|5|1|4|1|0|0|0|0|0|0|0|0|0|34
P46883|68|20|8|17|34|44|19|25|4|0|6|6|1|2|2|1|1|1|152
P46889|0|0|0|0|0|1|0|1|0|0|0|0|0|0|0|0|0|0|1
P50456|2|0|1|0|3|1|0|1|0|0|0|0|0|0|0|0|0|0|5
P50457|64|37|1|4|12|18|3|15|0|0|1|1|1|0|0|0|0|1|113
P50465|11|7|0|2|4|7|1|6|0|0|0|0|0|0|0|0|0|0|23
P51981|23|7|1|6|4|23|13|10|0|0|0|0|0|0|0|0|0|0|57
P52007|2|0|0|0|2|0|0|0|0|0|0|0|0|0|0|0|0|0|2
P52086|9|5|0|2|1|3|2|1|0|0|0|0|0|0|0|0|0|0|16
P52097|62|22|5|7|36|17|6|11|1|0|0|0|0|0|0|0|0|0|93
P52129|0|0|0|1|0|0|0|0|0|0|0|0|0|0|0|0|0|0|3
P52643|0|0|0|0|2|2|0|2|0|0|0|0|0|0|0|0|0|0|4
P52697|4|3|0|3|0|1|1|0|1|0|0|0|0|0|0|0|0|0|9
P55135|3|2|0|1|3|3|1|2|0|0|0|0|0|0|0|0|0|0|9
P55734|6|2|0|3|6|12|5|7|0|0|0|0|0|0|0|0|0|0|22
P60061|266|80|16|4|123|16|2|14|2|0|18|18|2|5|8|3|3|0|358
P60340|3|3|0|2|1|7|5|2|0|1|0|0|0|0|0|0|0|0|12
P60422|15|5|0|5|5|14|3|11|3|0|0|0|0|0|0|0|0|0|39
P60438|3|1|0|3|2|3|0|3|0|0|0|0|0|0|0|0|0|0|9
P60472|18|6|1|3|13|4|3|1|0|0|1|1|1|0|0|0|0|0|26
P60546|17|13|0|3|4|4|1|3|0|0|0|0|0|0|0|0|0|0|27
P60624|0|0|0|0|0|1|0|1|0|0|0|0|0|0|0|0|0|0|1
P60723|9|2|0|0|4|2|2|0|0|0|0|0|0|0|0|0|0|0|11
P60757|11|7|0|3|7|13|9|4|0|0|0|0|0|0|0|0|0|0|32
P60785|28|12|2|8|11|14|8|6|1|0|1|1|0|1|0|0|0|1|56
P60844|24|12|0|1|8|4|0|4|1|0|0|0|0|0|0|0|0|0|29
P60906|16|13|0|3|0|3|2|1|0|0|0|0|0|0|0|0|0|0|23
P60932|45|20|1|6|20|26|11|15|0|1|1|1|1|0|0|0|0|0|84
P60955|19|7|4|4|16|4|3|1|0|1|3|3|2|1|0|0|0|0|33
P61175|0|0|0|0|1|1|0|1|0|0|0|0|0|0|0|0|0|0|1
P61316|10|6|1|1|6|12|5|7|0|0|0|0|0|0|0|0|0|0|28
P61517|4|1|0|1|1|0|0|0|1|0|0|0|0|0|0|0|0|0|5
P61887|9|5|0|0|2|5|1|4|0|0|0|0|0|0|0|0|0|0|15
P61889|16|6|0|0|7|1|1|0|0|0|0|0|0|0|0|0|0|0|19
P61949|10|4|2|3|6|5|5|0|0|1|2|2|1|1|0|0|0|0|21
P62399|1|1|0|0|1|1|0|1|0|0|0|0|0|0|0|0|0|0|2
P62615|49|23|5|10|30|20|8|12|2|0|5|5|1|2|1|1|1|0|93
P62623|6|1|0|2|0|2|2|0|0|0|0|0|0|0|0|0|0|0|14
P62707|7|3|0|0|1|1|1|0|0|0|0|0|0|0|0|0|0|0|8
P63177|60|34|0|12|13|26|9|17|1|0|2|2|0|0|0|1|1|1|125
P63224|8|7|1|4|8|9|5|4|1|0|0|0|0|0|0|0|0|1|23
P63284|7|2|0|3|2|4|1|3|0|0|0|0|0|0|0|0|0|0|15
P63386|1|1|0|1|0|0|0|0|0|0|0|0|0|0|0|0|0|0|4
P63746|3|2|0|0|2|0|0|0|0|0|0|0|0|0|0|0|0|0|3
P64461|0|0|0|0|0|0|0|0|0|0|0|0|0|0|0|0|0|0|1
P64488|9|3|1|3|5|4|0|4|1|0|0|0|0|0|0|0|0|0|20
P64604|3|2|0|0|0|0|0|0|0|0|0|0|0|0|0|0|0|0|4
P65556|12|4|1|1|4|8|6|2|0|0|1|1|0|1|0|0|0|0|26
P66817|11|8|0|6|10|7|4|3|0|1|0|0|0|0|0|0|0|0|31
P66899|9|3|0|1|4|3|2|1|0|0|0|0|0|0|0|0|0|0|17
P66948|0|0|0|1|0|0|0|0|1|0|0|0|0|0|0|0|0|0|1
P67080|6|6|0|1|3|2|1|1|0|0|0|0|0|0|0|0|0|0|12
P67087|8|6|0|0|1|0|0|0|0|0|0|0|0|0|0|0|0|0|8
P67095|5|2|0|0|0|0|0|0|0|0|0|0|0|0|0|0|0|0|6
P67910|12|7|0|4|5|8|2|6|0|0|1|1|0|0|1|0|0|0|29
P68187|18|9|1|4|7|6|0|6|0|0|0|0|0|0|0|0|0|0|36
P68739|13|8|1|3|5|7|1|6|2|0|0|0|0|0|0|0|0|0|24
P68767|76|41|1|13|21|33|19|14|1|1|1|1|0|0|1|0|0|0|155
P69441|0|0|0|0|0|1|0|1|0|0|0|0|0|0|0|0|0|0|1
P69488|13|5|0|4|5|7|1|6|2|0|0|0|0|0|0|0|0|0|25
P69503|6|4|0|0|2|2|2|0|0|0|0|0|0|0|0|0|0|0|8
P69681|4|2|4|5|7|9|1|8|2|0|0|0|0|0|0|0|0|0|25
P69739|4|1|0|0|2|0|0|0|0|0|0|0|0|0|0|0|0|0|4
P69741|3|0|0|0|1|0|0|0|0|0|1|1|0|0|1|0|0|0|3
P69783|2|1|1|1|1|2|1|1|0|1|0|0|0|0|0|0|0|0|5
P69902|34|17|2|9|13|23|8|15|2|1|4|4|2|0|1|1|1|0|89
P69908|47|10|7|10|28|22|10|12|0|1|5|5|1|3|0|0|0|0|112
P69910|55|12|7|7|31|25|10|15|0|0|5|5|1|3|0|0|0|0|126
P69922|81|40|3|10|35|36|15|21|1|0|2|2|0|0|0|1|1|0|155
P69924|21|8|3|5|14|6|1|5|1|2|0|0|0|0|0|0|0|0|36
P75682|11|5|0|1|0|2|1|1|0|0|0|0|0|0|0|0|0|0|16
P75691|5|1|0|2|0|5|2|3|0|0|0|0|0|0|0|0|0|0|12
P75713|27|5|2|1|14|2|1|1|0|0|1|1|0|0|0|1|1|0|34
P75736|15|12|2|4|7|10|1|9|0|0|0|0|0|0|0|0|0|0|32
P75745|34|13|0|6|11|7|2|5|0|0|0|0|0|0|0|0|0|1|64
P75780|2|0|1|1|2|4|0|4|1|0|0|0|0|0|0|0|0|0|7
P75791|4|3|0|0|0|0|0|0|0|0|0|0|0|0|0|0|0|0|5
P75792|3|1|1|8|5|6|2|4|0|0|0|0|0|0|0|0|0|0|23
P75797|55|17|5|9|29|26|8|18|0|0|4|4|0|2|2|0|0|0|111
P75804|2|2|0|0|1|0|0|0|0|0|0|0|0|0|0|0|0|0|4
P75820|17|6|6|8|15|20|7|13|3|0|0|0|0|0|0|0|0|0|52
P75823|37|17|0|10|6|14|4|10|1|0|0|0|0|0|0|0|0|1|76
P75830|0|0|0|0|0|1|0|1|0|0|0|0|0|0|0|0|0|0|1
P75831|0|0|0|1|0|1|0|1|0|0|0|0|0|0|0|0|0|1|6
P75838|25|9|5|11|17|14|4|10|3|0|4|4|0|1|2|1|1|0|59
P75853|30|8|1|4|11|11|1|10|1|0|1|1|0|0|0|1|1|0|55
P75862|0|0|0|1|0|0|0|0|0|0|0|0|0|0|0|0|0|0|2
P75864|7|7|0|3|1|0|0|0|1|0|0|0|0|0|0|0|0|0|13
P75876|2|2|1|0|2|1|1|0|0|0|1|1|1|0|0|0|0|0|3
P75898|12|1|3|5|10|9|5|4|1|1|1|1|0|0|0|1|1|0|27
P75906|28|10|1|4|20|11|5|6|0|0|0|0|0|0|0|0|0|0|50
P75913|5|4|0|1|0|1|0|1|1|0|0|0|0|0|0|0|0|0|7
P75931|4|4|0|0|1|1|0|1|0|0|0|0|0|0|0|0|0|0|5
P75960|0|0|0|0|1|1|0|1|0|0|0|0|0|0|0|0|0|0|1
P75966|8|2|1|2|5|8|0|8|2|0|0|0|0|0|0|0|0|0|19
P76002|0|0|0|2|0|0|0|0|0|0|0|0|0|0|0|0|0|0|2
P76008|16|5|2|1|9|4|0|4|0|0|0|0|0|0|0|0|0|0|29
P76010|0|0|0|0|0|3|0|3|0|0|0|0|0|0|0|0|0|0|3
P76015|56|20|2|6|18|18|8|10|1|0|2|2|0|0|1|0|0|0|95
P76016|0|0|0|0|0|0|0|0|0|0|0|0|0|0|0|0|0|0|1
P76038|17|9|2|10|12|17|9|8|2|0|1|1|0|0|0|1|1|0|45
P76044|0|0|0|0|0|0|0|0|0|0|0|0|0|0|0|0|0|1|3
P76049|21|3|3|8|15|11|3|8|1|0|2|2|0|0|2|0|0|1|47
P76077|18|3|1|9|14|12|3|9|1|1|0|0|0|0|0|0|0|0|41
P76079|6|5|0|2|9|4|1|3|0|1|0|0|0|0|0|0|0|0|14
P76083|6|0|1|0|3|0|0|0|0|0|1|1|0|1|0|0|0|0|7
P76115|3|0|1|1|1|1|1|0|0|0|0|0|0|0|0|0|0|0|6
P76116|3|2|0|0|1|0|0|0|0|0|0|0|0|0|0|0|0|0|3
P76141|7|2|0|0|2|0|0|0|0|0|1|1|0|0|0|1|1|0|9
P76143|6|3|0|2|4|0|0|0|1|0|0|0|0|0|0|0|0|0|11
P76187|10|5|0|1|10|6|1|5|0|0|0|0|0|0|0|0|0|0|18
P76204|5|5|0|0|0|0|0|0|0|0|0|0|0|0|0|0|0|0|7
P76216|29|11|1|15|10|22|14|8|1|0|0|0|0|0|0|0|0|0|74
P76256|2|1|0|0|1|1|1|0|0|0|0|0|0|0|0|0|0|0|3
P76272|15|5|0|2|3|2|1|1|0|0|1|1|0|0|1|0|0|0|26
P76273|15|9|0|1|1|2|0|2|0|0|0|0|0|0|0|0|0|0|19
P76290|5|3|2|1|5|2|1|1|0|0|1|1|1|0|0|0|0|0|12
P76291|19|1|2|10|15|15|10|5|1|2|1|1|0|0|1|0|0|1|57
P76318|8|6|1|2|7|2|1|1|0|1|1|1|0|1|0|0|0|0|14
P76329|0|0|0|1|0|1|1|0|0|0|0|0|0|0|0|0|0|0|4
P76342|33|8|2|4|16|11|8|3|0|0|1|1|0|0|1|0|0|0|57
P76344|0|0|0|0|0|0|0|0|0|0|0|0|0|0|0|0|0|0|1
P76364|0|0|0|0|0|1|1|0|0|0|0|0|0|0|0|0|0|0|1
P76407|15|11|0|4|2|3|0|3|0|0|0|0|0|0|0|0|0|0|32
P76458|16|10|0|4|2|11|3|8|0|0|0|0|0|0|0|0|0|0|32
P76459|13|8|0|1|2|0|0|0|0|0|0|0|0|0|0|0|0|0|19
P76461|119|64|1|8|29|41|21|20|0|0|2|2|1|0|0|0|0|0|205
P76469|4|2|0|0|2|1|0|1|0|0|0|0|0|0|0|0|0|0|5
P76502|6|5|0|0|1|1|0|1|0|0|0|0|0|0|0|0|0|0|10
P76518|26|9|0|3|16|12|1|11|1|0|0|0|0|0|0|0|0|0|56
P76524|1|0|0|0|2|2|0|2|0|0|0|0|0|0|0|0|0|0|3
P76541|14|5|0|2|1|8|8|0|0|0|0|0|0|0|0|0|0|0|25
P76562|6|3|0|3|1|6|4|2|1|0|0|0|0|0|0|0|0|0|16
P76578|51|17|2|14|23|21|11|10|0|1|3|3|0|1|1|1|1|1|100
P76584|4|1|2|4|3|5|1|4|1|0|0|0|0|0|0|0|0|0|15
P76621|22|9|3|6|14|12|4|8|0|2|3|3|0|2|1|0|0|0|49
P76632|5|5|0|2|1|5|0|5|1|0|0|0|0|0|0|0|0|1|15
P76641|15|7|2|5|10|2|1|1|0|0|2|2|1|1|0|0|0|0|35
P77044|32|12|4|10|24|14|6|8|0|1|1|1|1|0|0|0|0|0|67
P77173|0|0|0|0|0|0|0|0|0|0|0|0|0|0|0|0|0|1|2
P77182|102|48|5|24|47|32|10|22|4|0|2|2|0|1|0|1|1|1|190
P77202|9|3|0|1|7|1|1|0|0|0|0|0|0|0|0|0|0|0|21
P77212|21|11|0|8|3|17|9|8|1|3|0|0|0|0|0|0|0|0|52
P77215|41|10|4|0|22|17|5|12|0|0|2|2|1|0|1|0|0|0|74
P77218|14|11|1|2|4|5|0|5|1|0|1|1|1|0|0|0|0|0|23
P77239|13|4|0|2|8|5|0|5|2|0|1|1|0|0|1|0|0|1|24
P77243|11|1|0|0|4|3|2|1|0|0|1|1|0|0|1|0|0|0|18
P77280|22|10|5|2|15|7|2|5|0|0|4|4|1|2|1|0|0|0|37
P77304|138|71|12|9|60|39|20|19|1|0|12|12|4|4|1|3|3|0|235
P77324|14|4|0|4|8|7|1|6|0|0|0|0|0|0|0|0|0|0|31
P77348|58|9|6|21|28|32|13|19|3|1|5|5|1|1|1|2|2|0|123
P77366|3|0|0|0|0|1|1|0|0|0|0|0|0|0|0|0|0|0|4
P77368|7|3|0|0|2|0|0|0|0|0|0|0|0|0|0|0|0|0|7
P77395|14|8|0|1|7|9|4|5|0|0|0|0|0|0|0|0|0|0|30
P77398|19|11|1|15|11|25|6|19|4|0|0|0|0|0|0|0|0|0|69
P77425|81|42|7|19|33|29|11|18|1|2|0|0|0|0|0|0|0|0|168
P77432|8|1|0|6|4|6|0|6|2|0|0|0|0|0|0|0|0|0|24
P77444|56|22|4|9|33|34|9|25|3|0|1|1|0|1|0|0|0|0|122
P77454|34|15|1|5|12|22|18|4|0|2|1|1|0|1|0|0|0|0|66
P77455|40|16|1|9|16|30|13|17|0|3|2|2|0|0|1|0|0|0|93
P77485|6|3|0|3|0|10|6|4|1|0|0|0|0|0|0|0|0|0|22
P77489|165|70|5|38|40|85|38|47|4|5|3|3|0|0|2|1|1|3|344
P77493|1|0|0|0|0|0|0|0|0|0|0|0|0|0|0|0|0|0|1
P77499|0|0|0|0|0|1|0|1|0|0|0|0|0|0|0|0|0|0|1
P77541|6|1|0|3|1|2|0|2|0|0|0|0|0|0|0|0|0|0|13
P77555|10|5|0|0|1|5|0|5|0|0|0|0|0|0|0|0|0|0|16
P77581|57|31|0|2|11|20|2|18|0|0|0|0|0|0|0|0|0|0|87
P77608|11|4|2|4|6|6|3|3|0|0|0|0|0|0|0|0|0|1|25
P77649|34|16|2|9|13|10|1|9|1|1|0|0|0|0|0|0|0|0|61
P77667|7|3|2|0|7|0|0|0|0|0|3|3|1|1|1|0|0|0|8
P77674|41|13|4|4|20|25|6|19|1|0|2|2|1|1|0|0|0|0|75
P77704|1|1|0|0|0|0|0|0|0|0|0|0|0|0|0|0|0|0|4
P77731|14|9|0|3|4|2|1|1|0|0|0|0|0|0|0|0|0|0|20
P77806|75|30|13|6|54|32|9|23|1|1|7|7|3|2|2|0|0|0|131
P78055|0|0|0|0|0|0|0|0|0|0|0|0|0|0|0|0|0|0|1
P78067|118|20|12|23|76|78|37|41|6|1|7|7|0|1|4|2|2|1|254
P80645|2|0|0|0|1|0|0|0|0|0|0|0|0|0|0|0|0|0|2
Q46822|14|2|2|3|11|6|4|2|1|0|0|0|0|0|0|0|0|0|29
Q46829|27|12|0|2|7|9|6|3|1|0|0|0|0|0|0|0|0|0|42
Q46845|23|12|0|5|11|13|6|7|0|0|0|0|0|0|0|0|0|0|54
Q46856|22|14|0|6|6|4|2|2|1|0|0|0|0|0|0|0|0|0|34
Q46857|11|7|1|1|4|4|1|3|0|0|1|1|0|1|0|0|0|0|17
Q46877|19|9|3|7|7|18|3|15|1|0|0|0|0|0|0|0|0|1|58
Q46890|0|0|0|0|0|0|0|0|0|0|0|0|0|0|0|0|0|0|1
Q46891|2|1|1|0|2|0|0|0|0|0|1|1|1|0|0|0|0|0|2
Q46893|0|0|0|0|0|1|0|1|0|0|0|0|0|0|0|0|0|0|3
Q46897|2|1|0|2|0|0|0|0|0|0|0|0|0|0|0|0|0|0|6
Q46898|7|1|0|5|2|4|2|2|2|0|1|1|0|0|0|1|1|0|19
Q46899|4|2|2|2|3|6|3|3|0|0|2|2|1|1|0|0|0|0|14
Q46901|11|8|0|5|5|12|4|8|1|0|0|0|0|0|0|0|0|1|37
Q46915|64|22|3|13|41|37|11|26|2|0|3|3|0|0|1|1|1|1|148
Q46925|53|25|4|8|24|24|7|17|2|0|1|1|0|1|0|0|0|0|102
Q46938|49|22|5|12|31|29|8|21|2|1|6|6|1|2|3|0|0|0|103
Q47083|35|16|3|3|19|12|7|5|0|0|5|5|1|2|0|2|2|0|55
Q47152|29|9|5|9|22|6|0|6|2|0|2|2|0|1|0|1|1|0|48
Q47155|0|0|0|2|0|0|0|0|0|1|0|0|0|0|0|0|0|0|2
Q47208|13|10|0|3|1|4|3|1|0|0|0|0|0|0|0|0|0|0|27
Q47537|39|10|1|6|15|9|6|3|1|0|7|7|0|1|3|3|3|0|62
Q57261|25|13|1|9|10|21|8|13|1|1|0|0|0|0|0|0|0|0|58
Q6BF16|17|14|2|1|9|6|2|4|0|0|1|1|1|0|0|0|0|0|24
