W,F,Y,C,I,V,L,M,H,T,R,P,Q,N,A,S,K,G,E,D,AA
0.0523,0.0,0.0,0.0,0.0,0.0,0.0,0.0,0.0,0.0,0.0,0.0,0.0,0.0,0.0,0.0,0.0,0.0,0.0,0.0,W
0.3838,0.0,0.0,0.0,0.0,0.0,0.0,0.0,0.0,0.0,0.0,0.0,0.0,0.0,0.0,0.0,0.0,0.0,0.0,0.0,F
0.7257,0.0001,0.0113,0.0,0.0,0.0,0.0,0.0,0.0,0.0,0.0,0.0,0.0,0.0,0.0,0.0,0.0,0.0,0.0,0.0,Y
0.2647,0.4202,0.2934,0.0,0.0,0.0,0.0,0.0,0.0,0.0,0.0,0.0,0.0,0.0,0.0,0.0,0.0,0.0,0.0,0.0,C
0.4361,0.01,0.2809,0.0189,0.6573,0.0,0.0,0.0,0.0,0.0,0.0,0.0,0.0,0.0,0.0,0.0,0.0,0.0,0.0,0.0,I
0.0287,0.3425,0.5014,0.1673,0.6416,0.8724,0.0,0.0,0.0,0.0,0.0,0.0,0.0,0.0,0.0,0.0,0.0,0.0,0.0,0.0,V
0.0877,0.11,0.0021,0.2225,0.6004,0.9798,0.4884,0.0,0.0,0.0,0.0,0.0,0.0,0.0,0.0,0.0,0.0,0.0,0.0,0.0,L
0.1862,0.5688,0.123,0.2527,0.0893,0.0028,0.2772,0.0324,0.0,0.0,0.0,0.0,0.0,0.0,0.0,0.0,0.0,0.0,0.0,0.0,M
0.439,0.0205,0.0007,0.0,0.2407,0.032,0.0068,0.1364,0.0297,0.0,0.0,0.0,0.0,0.0,0.0,0.0,0.0,0.0,0.0,0.0,H
0.0501,0.5656,0.0193,0.4468,0.758,0.0394,0.0133,0.1561,0.0239,0.0456,0.0,0.0,0.0,0.0,0.0,0.0,0.0,0.0,0.0,0.0,T
0.0586,0.041,0.3091,0.3436,0.0054,0.0029,0.0528,0.0,0.1004,0.046,0.6392,0.0,0.0,0.0,0.0,0.0,0.0,0.0,0.0,0.0,R
0.0165,0.0768,0.612,0.2654,0.1505,0.2986,0.258,0.001,0.1124,0.4489,0.0009,0.3223,0.0,0.0,0.0,0.0,0.0,0.0,0.0,0.0,P
0.6094,0.0852,0.5659,0.0061,0.3415,0.5499,0.0846,0.4813,0.2728,0.0433,0.1924,0.5906,0.3464,0.0,0.0,0.0,0.0,0.0,0.0,0.0,Q
0.0639,0.0624,0.0298,0.229,0.4813,0.0478,0.2971,0.1966,0.1484,0.3724,0.0134,0.0087,0.1656,0.5228,0.0,0.0,0.0,0.0,0.0,0.0,N
0.0833,0.1569,0.0246,0.2785,0.4511,0.3074,0.696,0.0231,0.1381,0.0519,0.3887,0.5731,0.4763,0.1143,0.1462,0.0,0.0,0.0,0.0,0.0,A
0.1876,0.5423,0.0017,0.11,0.389,0.4953,0.4932,0.4348,0.0828,0.0071,0.0814,0.0396,0.1243,0.4492,0.1187,0.0008,0.0,0.0,0.0,0.0,S
0.0842,0.8815,0.6544,0.133,0.0088,0.0315,0.5399,0.1376,0.1872,0.0376,0.0007,0.7454,0.6705,0.0696,0.0748,0.0377,0.3586,0.0,0.0,0.0,K
0.1422,0.0419,0.661,0.2699,0.3071,0.1274,0.5462,0.0448,0.6507,0.0681,0.0745,0.1558,0.0444,0.3536,0.3402,0.0756,0.0082,0.096,0.0,0.0,G
0.1219,0.4858,0.6139,0.387,0.248,0.3511,0.0047,0.2028,0.1583,0.8158,0.0092,0.1414,0.4894,0.019,0.2282,0.3071,0.4643,0.5517,0.2106,0.0,E
0.0015,0.2837,0.3996,0.4731,0.1229,0.2209,0.2666,0.325,0.8104,0.0828,0.1952,0.0049,0.0992,0.3931,0.1038,0.4042,0.2731,0.0694,0.648,0.575,D
